created_at;id_str;full_text;quote_count;reply_count;retweet_count;favorite_count;lang;user_id_str;conversation_id_str;username;tweet_url
Mon Aug 28 10:53:09 +0000 2023;1696113684102136041;"The sunblock was handed to the girl before practice, but the burned skin was proof she did not apply it.";0;0;0;0;en;308465031;1696113684102136041;VoltaireMorilla;https://twitter.com/VoltaireMorilla/status/1696113684102136041
Mon Aug 28 10:53:04 +0000 2023;1696113662652449108;"This sunblock smells exactly like a porta potty. 1/10 is my review on this sunblock https://t.co/7PUewY0kV0";0;0;0;1;en;1266423125295665152;1696113662652449108;Billybobwalter1;https://twitter.com/Billybobwalter1/status/1696113662652449108
Mon Aug 28 10:52:50 +0000 2023;1696113607602213370;"The sunblock was handed to the girl before practice, but the burned skin was proof she did not apply it.";0;0;0;0;en;71964369;1696113607602213370;ianevans05;https://twitter.com/ianevans05/status/1696113607602213370
Mon Aug 28 10:52:39 +0000 2023;1696113559116161397;"The sunblock was handed to the girl before practice, but the burned skin was proof she did not apply it.";0;0;0;0;en;3341911744;1696113559116161397;arofant21;https://twitter.com/arofant21/status/1696113559116161397
Mon Aug 28 10:52:34 +0000 2023;1696113536617898105;"The sunblock was handed to the girl before practice, but the burned skin was proof she did not apply it.";0;0;0;0;en;117558930;1696113536617898105;greatgreenbeans;https://twitter.com/greatgreenbeans/status/1696113536617898105
Mon Aug 28 10:52:02 +0000 2023;1696113403557781844;"The sunblock was handed to the girl before practice, but the burned skin was proof she did not apply it.";0;0;0;0;en;1530992884945649670;1696113403557781844;Carissa47779536;https://twitter.com/Carissa47779536/status/1696113403557781844
Mon Aug 28 10:51:24 +0000 2023;1696113243196997890;"The sunblock was handed to the girl before practice, but the burned skin was proof she did not apply it.";0;0;0;0;en;1496811829;1696113243196997890;danaabukeshek;https://twitter.com/danaabukeshek/status/1696113243196997890
Mon Aug 28 10:51:01 +0000 2023;1696113148120437218;"The sunblock was handed to the girl before practice, but the burned skin was proof she did not apply it.";0;0;0;0;en;45206732;1696113148120437218;jayqb1;https://twitter.com/jayqb1/status/1696113148120437218
Mon Aug 28 10:50:24 +0000 2023;1696112995179413765;"The sunblock was handed to the girl before practice, but the burned skin was proof she did not apply it.";0;0;0;0;en;606212476;1696112995179413765;GiggleFams;https://twitter.com/GiggleFams/status/1696112995179413765
Mon Aug 28 10:50:19 +0000 2023;1696112972555268330;"The sunblock was handed to the girl before practice, but the burned skin was proof she did not apply it.";0;0;0;0;en;1530979904128425985;1696112972555268330;Danelle58967772;https://twitter.com/Danelle58967772/status/1696112972555268330
Mon Aug 28 10:49:09 +0000 2023;1696112677188227450;"The sunblock was handed to the girl before practice, but the burned skin was proof she did not apply it.";0;0;0;0;en;308995634;1696112677188227450;IlhamWily;https://twitter.com/IlhamWily/status/1696112677188227450
Mon Aug 28 10:48:36 +0000 2023;1696112540424495302;"The sunblock was handed to the girl before practice, but the burned skin was proof she did not apply it.";0;0;0;0;en;1648699192309587968;1696112540424495302;RavanWang88084;https://twitter.com/RavanWang88084/status/1696112540424495302
Mon Aug 28 10:48:11 +0000 2023;1696112437097910304;"The sunblock was handed to the girl before practice, but the burned skin was proof she did not apply it.";0;0;0;0;en;606197190;1696112437097910304;patelnilu12320;https://twitter.com/patelnilu12320/status/1696112437097910304
Mon Aug 28 10:48:03 +0000 2023;1696112400976482344;"The sunblock was handed to the girl before practice, but the burned skin was proof she did not apply it.";0;0;0;0;en;606186182;1696112400976482344;irhasrizanet;https://twitter.com/irhasrizanet/status/1696112400976482344
Mon Aug 28 10:48:01 +0000 2023;1696112394865381382;"The sunblock was handed to the girl before practice, but the burned skin was proof she did not apply it.";0;0;0;0;en;606201680;1696112394865381382;rosyupsp;https://twitter.com/rosyupsp/status/1696112394865381382
Mon Aug 28 10:47:41 +0000 2023;1696112308420755942;"The sunblock was handed to the girl before practice, but the burned skin was proof she did not apply it.";0;0;0;0;en;3340378288;1696112308420755942;lallasgf;https://twitter.com/lallasgf/status/1696112308420755942
Mon Aug 28 10:46:33 +0000 2023;1696112026085433419;"The sunblock was handed to the girl before practice, but the burned skin was proof she did not apply it.";0;0;0;0;en;731429413477224448;1696112026085433419;imu7urmee;https://twitter.com/imu7urmee/status/1696112026085433419
Mon Aug 28 10:46:32 +0000 2023;1696112021970788620;"The sunblock was handed to the girl before practice, but the burned skin was proof she did not apply it.";0;0;0;0;en;1530907071490756611;1696112021970788620;Trula46847457;https://twitter.com/Trula46847457/status/1696112021970788620
Mon Aug 28 10:46:20 +0000 2023;1696111968363364449;"The sunblock was handed to the girl before practice, but the burned skin was proof she did not apply it.";0;0;0;0;en;32839417;1696111968363364449;millertran08;https://twitter.com/millertran08/status/1696111968363364449
Mon Aug 28 10:46:11 +0000 2023;1696111933689147531;"The sunblock was handed to the girl before practice, but the burned skin was proof she did not apply it.";0;0;0;0;en;1648674311752888320;1696111933689147531;HathornJan83513;https://twitter.com/HathornJan83513/status/1696111933689147531
Mon Aug 28 10:46:01 +0000 2023;1696111889271406836;"The sunblock was handed to the girl before practice, but the burned skin was proof she did not apply it.";0;0;0;0;en;72000881;1696111889271406836;iam_laskar_love;https://twitter.com/iam_laskar_love/status/1696111889271406836
Mon Aug 28 10:43:00 +0000 2023;1696111129099997607;"The sunblock was handed to the girl before practice, but the burned skin was proof she did not apply it.";0;0;0;0;en;606163765;1696111129099997607;jacksonmelvin29;https://twitter.com/jacksonmelvin29/status/1696111129099997607
Mon Aug 28 10:42:46 +0000 2023;1696111074041364652;"The sunblock was handed to the girl before practice, but the burned skin was proof she did not apply it.";0;0;0;0;en;308078794;1696111074041364652;wizzkem;https://twitter.com/wizzkem/status/1696111074041364652
Mon Aug 28 10:40:55 +0000 2023;1696110605696917901;"The sunblock was handed to the girl before practice, but the burned skin was proof she did not apply it.";0;0;0;0;en;3340872808;1696110605696917901;wernethi5;https://twitter.com/wernethi5/status/1696110605696917901
Mon Aug 28 10:40:16 +0000 2023;1696110444748935309;"The sunblock was handed to the girl before practice, but the burned skin was proof she did not apply it.";0;0;0;0;en;1648704541464862720;1696110444748935309;CrimEvelyn59397;https://twitter.com/CrimEvelyn59397/status/1696110444748935309
Mon Aug 28 10:39:39 +0000 2023;1696110286334255534;"The sunblock was handed to the girl before practice, but the burned skin was proof she did not apply it.";0;0;0;0;en;3344905793;1696110286334255534;j8handley;https://twitter.com/j8handley/status/1696110286334255534
Mon Aug 28 10:39:05 +0000 2023;1696110144533168281;"The sunblock was handed to the girl before practice, but the burned skin was proof she did not apply it.";0;0;0;0;en;1648699138698104834;1696110144533168281;AsianaQuil64585;https://twitter.com/AsianaQuil64585/status/1696110144533168281
Mon Aug 28 10:38:50 +0000 2023;1696110082814063073;"The sunblock was handed to the girl before practice, but the burned skin was proof she did not apply it.";0;0;0;0;en;1648718544908034049;1696110082814063073;IaraMcbee65204;https://twitter.com/IaraMcbee65204/status/1696110082814063073
Mon Aug 28 10:36:44 +0000 2023;1696109554243719564;"The sunblock was handed to the girl before practice, but the burned skin was proof she did not apply it.";0;0;0;0;en;1530992065747816448;1696109554243719564;Deena39809971;https://twitter.com/Deena39809971/status/1696109554243719564
Mon Aug 28 10:33:22 +0000 2023;1696108706801262823;"The sunblock was handed to the girl before practice, but the burned skin was proof she did not apply it.";0;0;0;0;en;1648685544958750721;1696108706801262823;KimbelyTop38660;https://twitter.com/KimbelyTop38660/status/1696108706801262823
Mon Aug 28 10:09:33 +0000 2023;1696102713170563497;"@ChrissieMayr I wear sunblock(in Australia we call it sunscreen), every time I go out in the sun. Sun exposure creates wrinkles, as does lack of water... which I'm sure those guys would probably think is also "gay".";0;0;0;0;en;1689088489621700608;1695482047651873257;TheLaunchPadQLD;https://twitter.com/TheLaunchPadQLD/status/1696102713170563497
Mon Aug 28 09:46:53 +0000 2023;1696097008778621358;"@divyaappathak It sure is the best. Instant fresh look after. Tip for cheeks apply it a few minutes after sunblock so it's easier to blend. Place on base (foundation, cc or bb cream) for a natural looking flush. That's the "glow" in my photos üòä";0;0;0;0;en;1395719783228661771;1696012297284845919;JolsWrites1;https://twitter.com/JolsWrites1/status/1696097008778621358
Mon Aug 28 08:45:57 +0000 2023;1696081674113556589;"@Fact So does wearing sunblock or not being 2 long in the sun.";0;0;0;0;en;469018716;1696053507751608423;LTD929;https://twitter.com/LTD929/status/1696081674113556589
Mon Aug 28 08:28:49 +0000 2023;1696077364541997171;"I need micellar wipes and sunblock but I ended up buying a bunch of other things cause they had offers";0;0;0;0;en;1165991491283480577;1696077364541997171;HarmeetMalli;https://twitter.com/HarmeetMalli/status/1696077364541997171
Mon Aug 28 07:58:45 +0000 2023;1696069794984804599;"Women Sunscreen Gloves UV Protection Sunblock Gloves for Driving Riding Fishing Golfing Outdoor Activities P3O7CHT  https://t.co/bL2VdW2d8M";0;0;0;0;en;1585987722598031360;1696069794984804599;stracke90gkl;https://twitter.com/stracke90gkl/status/1696069794984804599
Mon Aug 28 07:26:23 +0000 2023;1696061648744710301;"I still need to grab some sunblock in the morning";0;0;0;0;en;546976323;1696061648744710301;unicorn_smoke14;https://twitter.com/unicorn_smoke14/status/1696061648744710301
Mon Aug 28 06:58:44 +0000 2023;1696054691782918500;"@senoxrth Pake sunblock";0;1;0;0;en;1683903822169767936;1696050762776990005;Girlilslut;https://twitter.com/Girlilslut/status/1696054691782918500
Mon Aug 28 06:51:25 +0000 2023;1696052850940666112;"@therightvibes_ It‚Äôs the seventh month you know, Ruth.  That might be a little too much sunblock. üëÄü§£";0;1;0;2;en;252014243;1696023318825156825;PangTunYang;https://twitter.com/PangTunYang/status/1696052850940666112
Mon Aug 28 06:48:44 +0000 2023;1696052177142526269;"@AnnaKKraken If you got it, flaunt it. Don't forget your sunblock though.";0;0;0;0;en;43622206;1695908692338585937;MatthewO29;https://twitter.com/MatthewO29/status/1696052177142526269
Mon Aug 28 06:44:42 +0000 2023;1696051161315303862;"@CandleInWind2 Girls this young should stick to moisturizer and sunblock, an excess of these things could ruin their skin";0;0;0;3;en;2191874478;1696049280576876915;Syyeda14;https://twitter.com/Syyeda14/status/1696051161315303862
Mon Aug 28 06:14:34 +0000 2023;1696043578903208392;"I took my sunblock off ystd and my nose was RED üò≠ and i fr thought HWATT AM I SUNBURNT i wore a Hat and everything to protect frm the sun  Woke up it‚Äôs ok now";0;0;0;1;en;1648677080513802242;1696043578903208392;pponkanss;https://twitter.com/pponkanss/status/1696043578903208392
Mon Aug 28 06:10:12 +0000 2023;1696042478707900756;"Oasea Protective Tinted Mineral Matte Sunscreen SPF50 PA++++ 30ml / Sunshield / Sunblock / Sun Protection / Anti UV / SPF Dapatkan di Shopee sekarang! https://t.co/6540CYIRf5 https://t.co/6FvuVfgyE8";0;0;0;0;en;1104841157803073536;1696042478707900756;prii66985214;https://twitter.com/prii66985214/status/1696042478707900756
Mon Aug 28 05:13:21 +0000 2023;1696028172448616698;"@Rainmaker1973 it looks like a stupid idea that shouldn't work on paper. In practice, the stupid part of it is Mark Zuckerberg wearing SPF3000 sunblock on exposed skin and hoisting an American flag while riding one on the 4th of July.";0;0;0;0;en;258339909;1695703798910452202;AtiyaahDollfie;https://twitter.com/AtiyaahDollfie/status/1696028172448616698
Mon Aug 28 05:10:49 +0000 2023;1696027533014364291;"Peterson's Lab - Ultimate UV Defense Sunscreen SPF 50 PA++++ (Sunblock Pelindung Sinar Matahari  Non-Comedogenic Sweat &amp  Water Resistant ) 40g Dapatkan di Shopee sekarang! https://t.co/D4ZLvim3np https://t.co/3w3wcdat1E";0;0;0;0;en;212492365;1696027533014364291;wienda89;https://twitter.com/wienda89/status/1696027533014364291
Mon Aug 28 05:01:13 +0000 2023;1696025119930433749;"@Ninergirl99 Always gotta use that sunblock Alyce !!! https://t.co/zs1JRjFcHu";0;0;0;1;en;915694025080016897;1695973747864617223;DiegoCali14;https://twitter.com/DiegoCali14/status/1696025119930433749
Mon Aug 28 04:58:04 +0000 2023;1696024326674460813;"Cek [Pre order] Glad2Glow Light Sunscreen Gel UV SPF50 PA+++ 30g | Oil-Control Facial Sunscreen Sunblock UVA UVB Sun Protection Face Sunscreen 5X Ceramide Serum Skin Barrier dengan harga Rp48.000. Dapatkan di Shopee sekarang! https://t.co/A4RVKs98E4 https://t.co/k2QzDTnydv";0;0;0;0;en;278049313;1696024326674460813;LatifahNurP;https://twitter.com/LatifahNurP/status/1696024326674460813
Mon Aug 28 04:54:04 +0000 2023;1696023318825156825;"My face changed?!?!?!  Nah, I'm kidding.   I was just suddenly filled with an urgent need to lose my blue tick (and some colour).  And I put a lot of sunblock for this new photo.  Tell me, fellow friends on X... will the almighty algorithm crush my heart because I've lost the‚Ä¶ https://t.co/Kq9VqNkG9B";0;15;0;19;en;97341493;1696023318825156825;therightvibes_;https://twitter.com/therightvibes_/status/1696023318825156825
Mon Aug 28 04:23:34 +0000 2023;1696015644553355355;"@UrBoyConnor doitdoitdoitdoit (bring lots and lots of water and sunblock)";0;0;0;0;en;1245558135894339586;1696013109746610577;lililuvsurmom;https://twitter.com/lililuvsurmom/status/1696015644553355355
Mon Aug 28 04:11:47 +0000 2023;1696012678291239299;"I fucked up not putting sunblock on while swimmingüòì";0;0;0;0;en;221884712;1696012678291239299;DREAHkitty;https://twitter.com/DREAHkitty/status/1696012678291239299
Mon Aug 28 04:00:12 +0000 2023;1696009764797382755;"@thecanadiansage @OCDSB For someone so concerned with health she clearly doesn‚Äôt understand sunblock. ü•¥";0;2;0;0;en;380674043;1695966813400490214;MAD_GrizzlyP;https://twitter.com/MAD_GrizzlyP/status/1696009764797382755
Mon Aug 28 03:45:51 +0000 2023;1696006149777363243;"@ohmybeautybank Natasha Physical Sunblock ü´∂üèª";0;0;0;0;en;1241265621351817216;1695674666688671968;_puttput;https://twitter.com/_puttput/status/1696006149777363243
Mon Aug 28 03:41:01 +0000 2023;1696004936633659695;"Cek [Pre order] Glad2Glow Light Sunscreen Gel UV SPF50 PA+++ 30g | Oil-Control Facial Sunscreen Sunblock UVA UVB Sun Protection Face Sunscreen 5X Ceramide Serum Skin Barrier dengan harga Rp48.000. Dapatkan di Shopee sekarang! https://t.co/1bRPobLxoI https://t.co/P6tPBtfl3M";0;0;0;0;en;278049313;1696004936633659695;LatifahNurP;https://twitter.com/LatifahNurP/status/1696004936633659695
Mon Aug 28 03:40:34 +0000 2023;1696004821550321862;"Drinking water + moisturizing + sunblock does wonders";0;1;0;6;en;1653612047274512389;1696004821550321862;_chriskage_;https://twitter.com/_chriskage_/status/1696004821550321862
Mon Aug 28 03:37:40 +0000 2023;1696004091430707612;"@PEltzholtz @TheBabylonBee He doesn‚Äôt seem to have a ton of sun spots or sun damage. I‚Äôm sure whatever it is prolly has a sunblock in it.";0;0;0;0;en;1490855190215471105;1695858721501417724;LynneR62954010;https://twitter.com/LynneR62954010/status/1696004091430707612
Mon Aug 28 03:33:08 +0000 2023;1696002951251132812;"use mineral and plant based sunblock https://t.co/51qlfjGjG2";0;1;0;26;en;2433668822;1696002951251132812;GrahamKartna;https://twitter.com/GrahamKartna/status/1696002951251132812
Mon Aug 28 03:32:31 +0000 2023;1696002797320249711;"@Hailey_Lopezxo I have 2 favorite colors and they are blue and green.  Also, let me say, Hailey, that you look really hot and sexy in that bikini.  Wish I was there with some sunblock and giving you a massage.";0;0;0;1;en;98221154;1696000022490312847;NICKWELLS1985;https://twitter.com/NICKWELLS1985/status/1696002797320249711
Mon Aug 28 03:07:39 +0000 2023;1695996537955078580;"@iamdrjoe 1/ Sunscreen &amp  sunblock are the same thing, but the term "sunblock" is actually illegal to be used in some countries because the term "sunblock" is considered as false advertising as you can never block all of the UV radiation. https://t.co/HgyZogRgX6";0;1;0;3;en;827216559357636608;1695632737804386736;SyazmeerAdha;https://twitter.com/SyazmeerAdha/status/1695996537955078580
Mon Aug 28 02:45:46 +0000 2023;1695991031337304544;"Do nudists wear sunblock ? üòÇüòÇüòÇ  Is this really an episode #podcaster #nudist should I really use that hashtag ? üò≥üòÇ  https://t.co/3q1kD2sBkg";0;0;0;1;en;1189251347209572352;1695991031337304544;sbssforme;https://twitter.com/sbssforme/status/1695991031337304544
Mon Aug 28 02:24:47 +0000 2023;1695985748741079477;"@Calmlydramatic @ItstheYin @TyFromNJ @bigGeechiMbb Cap! Lux whole first was fire! He was scheming and punching the entire first. Verb was talking about Blake griffin over caged pigeons and sunblock for cumquats. Distill was verb first bar and he rapped 30 sec after that.";0;3;0;2;en;877599773301321728;1695956661553516826;LLZelly4;https://twitter.com/LLZelly4/status/1695985748741079477
Mon Aug 28 02:17:59 +0000 2023;1695984040107483162;"Engineered Smoke Sunblock, Geoengineering Watch Global Alert News, August 26, 2023, #420 https://t.co/dot3VnHKqt";0;0;0;0;en;871150928556064768;1695984040107483162;Michell16032927;https://twitter.com/Michell16032927/status/1695984040107483162
Mon Aug 28 02:07:44 +0000 2023;1695981457880027344;"ü§π‚Äç‚ôÇÔ∏èü´Ö The sunblock was handed to the girl before practice, but the burned skin was proof she did not apply it. https://t.co/5O6qKoijQn";0;0;0;0;en;1588556977944174592;1695981457880027344;DaisyGi52998279;https://twitter.com/DaisyGi52998279/status/1695981457880027344
Mon Aug 28 02:04:07 +0000 2023;1695980550547271783;"@SCLDAT ‚†Ä‚†Ä‚†Ä‚†Ä‚†Ä„ÄùI'm happy for you, I really am„Äü, she managed, stuffing the laundry machine as the phone was trapped between shoulder and cheek. „ÄùDon't forget to use sunblock, else you might get burned to a crisp„Äü.  a soft chuckle, amused by the idea.";0;0;0;0;en;1371520116479954944;1695974784490684607;accoladxaegis;https://twitter.com/accoladxaegis/status/1695980550547271783
Mon Aug 28 01:57:21 +0000 2023;1695978847982752002;"According to the Skin Cancer Foundation, everyone older than six months should use #sunscreen every day to decrease the risk of skin cancer. But today‚Äôs sunblock is full of ingredients that are decades old and increasingly obsolete. https://t.co/sfqTikoBXp";1;2;15;34;en;3047925973;1695978847982752002;DrIanWeissman;https://twitter.com/DrIanWeissman/status/1695978847982752002
Mon Aug 28 01:47:40 +0000 2023;1695976410626904467;"Doctor was still disturbed by my skin color and was still concerned about me having white skin and this is after eating well(really well) and going in the hot blazing sun for hours with no sunblock. Remembered always being a pale girl unless a tan from excessive sun";0;2;0;5;en;1640579885784784897;1695976410626904467;Whoreyhoe5;https://twitter.com/Whoreyhoe5/status/1695976410626904467
Mon Aug 28 01:36:24 +0000 2023;1695973574446666232;"@allie0t Better put a bunch of sunblock on you. That fair skin will burn very quickly.";0;0;1;7;en;1498053663327236099;1695931056376238407;pieceout627;https://twitter.com/pieceout627/status/1695973574446666232
Mon Aug 28 01:34:58 +0000 2023;1695973214948602136;"@ClarifyingTaco @RpsAgainstTrump trump's gonna need SPF 1,000,000 sunblock and an asbestos jumpsuit where he's going.    All this legal stress might bring trump to hell long before Biden meets St Peter.";0;0;0;3;en;1531412161670545409;1695924401571512430;ChazOkie;https://twitter.com/ChazOkie/status/1695973214948602136
Mon Aug 28 01:16:00 +0000 2023;1695968441407033645;"The Skin Cancer Foundation says everybody older than six months should use sunscreen every day to decrease the risk of skin cancer.  But, @AliRogin reports, today‚Äôs sunblock is full of ingredients that are decades old, and increasingly obsolete. https://t.co/mG7ginBSww";1;10;28;51;en;14437914;1695968441407033645;NewsHour;https://twitter.com/NewsHour/status/1695968441407033645
Mon Aug 28 01:12:54 +0000 2023;1695967659433841120;"@ItstheYin @bigGeechiMbb Didn‚Äôt lose to verb(sunblock for cumquats), ARS(was just up there yelling) , cal(ain gotta explain), hollow(goat battle) or his 2 on 2 ‚Ä¶ lost to mook and Geechi üòï";0;0;0;3;en;877599773301321728;1695956661553516826;LLZelly4;https://twitter.com/LLZelly4/status/1695967659433841120
Mon Aug 28 01:03:47 +0000 2023;1695965367427117394;"Love the idea of a PR firm holding any water against the guilds that have the creator and portrayer of CJ Cregg, Queen of All Spin";0;0;0;0;en;1332317353;1695965367427117394;sunblock17;https://twitter.com/sunblock17/status/1695965367427117394
Mon Aug 28 00:40:33 +0000 2023;1695959519963033723;"@Reuters Sunblock vendors everyyyywhere";0;1;0;1;en;2249283449;1695958176649113618;josecanusee512;https://twitter.com/josecanusee512/status/1695959519963033723
Mon Aug 28 00:40:24 +0000 2023;1695959480599474345;"@ChrissieMayr Sunblock and bug spray have been in the closet for years.";0;0;0;0;en;328566213;1695482047651873257;GWakeley;https://twitter.com/GWakeley/status/1695959480599474345
Mon Aug 28 00:07:19 +0000 2023;1695951157317742714;"@carlosalcaraz has influence‚Ä¶I am constantly reminding my 13 yr old son to apply sunblock üß¥‚Ä¶sees Carlos apply some today and immediately says he needs some more ‚òÄÔ∏è sun block! üòâüéæ";0;0;0;0;en;1471955860016431108;1695951157317742714;H6Jacey;https://twitter.com/H6Jacey/status/1695951157317742714
Mon Aug 28 00:02:59 +0000 2023;1695950063611285681;"The sun is beautiful today. Don't miss the chance to get today's exposure.  To do [Remember these 3 bears üêªüêª‚Äç‚ùÑüß∏] ‚úÖÔ∏è Bare eyes ‚úÖÔ∏è Bare skin ‚úÖÔ∏è Barefoot [grounding]  Not to do ‚ùåÔ∏è Glasses/Lenses ‚ùåÔ∏è Sunscreen/Sunblock  ‚ùåÔ∏è Dirty nnEMF environment   #KMSS https://t.co/fvr9zZRK7J";1;2;10;33;en;434101818;1695950063611285681;izwanshahmin;https://twitter.com/izwanshahmin/status/1695950063611285681
Sun Aug 27 23:47:26 +0000 2023;1695946152359678240;"@JimeeLiberty @pjholloway @ThomMohr @SynthIge @MichelleZeh1968 @ImAtSeaAgain @PChandr43659403 @CarlSmytheCells @ThroneOfCrypto @TakethatCt @dirk_fasshauer @HamHead5813 @zwergie1 @JesperKitos @canceledmouse @ScooterScience @DdkDav @JRJHealey @sunshine_toes @DocDeezWhat @SamolejJ @RightHandWatch @rw_christian @PrimalDaoist @BoyScou84038220 @hauxton @sanjay_world @ViroLIEgy @dan_gadd @niswarth @1984rebooted @Tetrahydropyran @macgyvertang20 @paramaniac9 @DiscernHeal @dave59_craft @kevinoler @NamelessGhoulTX @virologytruth @ValZimmer2 @Pablosquest @arrdeearr @zbingledack @TrevorJukes1 @catsequalneko @sense_strand @Candles4Assange No dude, sunblock doesn‚Äôt actually block sun. It blocks specific things that are not required or healthy and factually, without a shred of doubt, cause cancers but also wrecks your skin.";0;2;0;0;en;1180871210542010368;1634003753639501826;PenOfAPisces;https://twitter.com/PenOfAPisces/status/1695946152359678240
Sun Aug 27 23:42:28 +0000 2023;1695944903199711636;"Mistakes were made (beyond signing up for this nonsense in the first place)  Forgot sunblock  So am a bit crispy which is the story of my life this year https://t.co/Jad6ecdJXX";0;3;0;2;en;46747566;1695944903199711636;lawyermermaid;https://twitter.com/lawyermermaid/status/1695944903199711636
Sun Aug 27 23:38:15 +0000 2023;1695943839863767186;"@queen_meghan14 Hope he uses plenty of sunblock.";0;0;0;2;en;1478452961072275463;1695765071102697676;Wozzo22;https://twitter.com/Wozzo22/status/1695943839863767186
Sun Aug 27 23:30:28 +0000 2023;1695941882495545804;"@Judianna @DrJBhattacharya Ahh yes, such a great argument, also try applying it to seatbelts, sunblock, mosquito nets, tick spray, bike helmets, etc. etc. Taking some common sense precautions to stay healthier longer was not previously controversial.";0;0;1;6;en;248740481;1695510019335397795;mavisclare;https://twitter.com/mavisclare/status/1695941882495545804
Sun Aug 27 23:23:33 +0000 2023;1695940142605668801;"Only if I have been vaccinated and I put sunblock on can I join you, Riku and Kairi I have been vaccinated and you have to help get my back using a sunscreen spell I‚Äôll get my arms legs neck and face";0;0;0;0;en;1313564033509883907;1695940142605668801;LionKeyMaster;https://twitter.com/LionKeyMaster/status/1695940142605668801
Sun Aug 27 23:03:30 +0000 2023;1695935097545846948;"I somehow didn‚Äôt get sunblock on the back of my arms sooo rn is paid  My legs also rubbed together so much so time to put some stuff on it and then slip into sweatpants :)";0;0;0;3;en;1580330981839540224;1695935097545846948;TheRulerJack;https://twitter.com/TheRulerJack/status/1695935097545846948
Sun Aug 27 22:54:14 +0000 2023;1695932765248627065;"@nypost sunblock üß¥";0;0;0;0;en;1686379501318791169;1695869570760798324;316_wwjd;https://twitter.com/316_wwjd/status/1695932765248627065
Sun Aug 27 22:28:03 +0000 2023;1695926174336328172;"Everyone needs sunblock. Especially stormtroopers on beach patrol https://t.co/aZJi6kv8nm";0;0;0;0;en;20364181;1695926174336328172;jonrob5000;https://twitter.com/jonrob5000/status/1695926174336328172
Sun Aug 27 22:27:34 +0000 2023;1695926051736621512;"@JimPower_2023 True true. Got my sunblock";0;0;0;1;en;4431832337;1695838282465083718;NeoNoaE;https://twitter.com/NeoNoaE/status/1695926051736621512
Sun Aug 27 22:00:21 +0000 2023;1695919205323858008;"@emilykmay Water yes. No sunblock. üëé causes cancer. Use baby oil üòÜ";1;6;0;1;en;1683790437616693248;1695917453069505022;herb19942;https://twitter.com/herb19942/status/1695919205323858008
Sun Aug 27 21:53:07 +0000 2023;1695917384014700910;"@ABC10 Sunblock and sombreros";0;0;0;0;en;104014002;1695911829124399184;br4nd032;https://twitter.com/br4nd032/status/1695917384014700910
Sun Aug 27 21:40:37 +0000 2023;1695914237787595007;"I got my queen @NyyBeats some sunblock üòé PROTECC HER!!! https://t.co/3mhqBN5NHY";0;1;1;31;en;1278519088302743553;1695914237787595007;bluubianca;https://twitter.com/bluubianca/status/1695914237787595007
Sun Aug 27 21:33:57 +0000 2023;1695912560422199684;"The Skin Cancer Foundation says everybody older than six months should use sunscreen every day to decrease the risk of skin cancer.  But, @AliRogin reports that today‚Äôs sunblock is full of ingredients that are decades-old, and increasingly obsolete. https://t.co/wlxrGfSvs5";3;10;16;42;en;14437914;1695912560422199684;NewsHour;https://twitter.com/NewsHour/status/1695912560422199684
Sun Aug 27 21:28:57 +0000 2023;1695911300021514358;"i think it's more of the difference between chemical sunscreen and physical sunscreen! the terms "sunscreen" "sunblock" isnt even that accurate most of the time";0;0;0;0;en;595320172;1695911300021514358;nuraqilaatikah;https://twitter.com/nuraqilaatikah/status/1695911300021514358
Sun Aug 27 21:08:47 +0000 2023;1695906224846307822;"Where you at @dreamconvention 2023? Did you have on sunscreen/sunblock? Tell me in the comments why or why not? https://t.co/tITbQnfxV0";3;5;0;14;en;42326424;1695906224846307822;ToniDominique1;https://twitter.com/ToniDominique1/status/1695906224846307822
Sun Aug 27 21:05:52 +0000 2023;1695905492537663921;"Babe please wear sunblock while you're there";0;0;0;4;en;1288938030871478273;1695905492537663921;ncuav;https://twitter.com/ncuav/status/1695905492537663921
Sun Aug 27 21:05:46 +0000 2023;1695905466079965663;"@mhp_guy You forgot sunblock in Texas?!!!";0;1;0;1;en;1597659101533806592;1695618801109213226;KYColonelRobert;https://twitter.com/KYColonelRobert/status/1695905466079965663
Sun Aug 27 21:03:06 +0000 2023;1695904797776326809;"@KarellCindy Don't forget to use chapstick with sunblock on your lips..üòäüòäüòä";0;0;0;1;en;1388958126968344604;1695900897623019535;Bizzarist1;https://twitter.com/Bizzarist1/status/1695904797776326809
Sun Aug 27 20:57:11 +0000 2023;1695903306437079210;"ÂêåÂüéThe sunblock was handed to the girl before practice, but the burned skin was proof she did not apply it.Á∫¶";0;0;0;0;en;1682098684324880384;1695903306437079210;EmmaHood249496;https://twitter.com/EmmaHood249496/status/1695903306437079210
Sun Aug 27 20:44:48 +0000 2023;1695900189108662639;"@annmargarita72 Sunblock!!!";0;1;0;1;en;67737953;1695859212964749443;TipsyTauntaun;https://twitter.com/TipsyTauntaun/status/1695900189108662639
Sun Aug 27 20:51:03 +0000 2023;1695901764149559328;"@ChrissieMayr I mean, asking your bro to rub sunblock on your back and bare chest might be a little gay, but like, just sunblock itself?  Like if I put sunblock on my kids, am I making them gay? ü§®";0;0;0;0;en;1428553136847921152;1695482047651873257;HVNS_WPN;https://twitter.com/HVNS_WPN/status/1695901764149559328
Sun Aug 27 20:43:51 +0000 2023;1695899951379751066;"@KKCYBERai Sounds nice! Have fun KK! Remember the sunblock!";0;0;0;0;en;1027300139784986630;1695898979861672247;BeetleTaxes;https://twitter.com/BeetleTaxes/status/1695899951379751066
Sun Aug 27 20:29:30 +0000 2023;1695896339723190600;"Kids all about indoor sports now?  All on them. Those three layers of sunblock I slathered on.  Unrelated.  Completely.";0;0;0;0;en;155618151;1695896339723190600;davidlbrehm;https://twitter.com/davidlbrehm/status/1695896339723190600
Sun Aug 27 20:08:24 +0000 2023;1695891032250958140;"I got sunblock in my eye and now I have a permanent squint";0;0;0;0;en;1667723623891718144;1695891032250958140;wow__wow____wow;https://twitter.com/wow__wow____wow/status/1695891032250958140
Sun Aug 27 20:01:10 +0000 2023;1695889211415490710;"ÂêåÂüéThe sunblock was handed to the girl before practice, but the burned skin was proof she did not apply it.Á∫¶";0;0;0;0;en;1682099364389429249;1695889211415490710;DaleY61485;https://twitter.com/DaleY61485/status/1695889211415490710
Sun Aug 27 19:49:01 +0000 2023;1695886153600368894;"We‚Äôre going to hell so bring your sunblock";0;0;0;1;en;1644362171755929602;1695886153600368894;JumbalayaJim;https://twitter.com/JumbalayaJim/status/1695886153600368894
Sun Aug 27 19:21:31 +0000 2023;1695879231178527170;"Strawberry sunblock is how you get bees chasing you.";0;0;0;3;en;870066611566256128;1695872763935019375;ButterflyLatte;https://twitter.com/ButterflyLatte/status/1695879231178527170
Sun Aug 27 18:55:49 +0000 2023;1695872763935019375;"So I had the belated realization that Seasonal Princess Flora's initials are SPF. Flora, honey, I don't think strawberry-scented sunblock is the best idea. #seasonalprincessflora #magicalgirls #strawberry https://t.co/VPnGsxLrNc";0;1;4;12;en;870066611566256128;1695872763935019375;ButterflyLatte;https://twitter.com/ButterflyLatte/status/1695872763935019375
Sun Aug 27 18:43:48 +0000 2023;1695869741171122285;"@TedNugent All of these sunblock ideas are sheer lunacy. These fools had better leave just leave it alone üòí. PERIOD";0;0;0;0;en;1690250048083243008;1695854298112868567;sirrius8824;https://twitter.com/sirrius8824/status/1695869741171122285
Sun Aug 27 18:40:48 +0000 2023;1695868983591973342;"i swear i didn't mean to buy more sunblock but ulta restocked the big bittle of kinship self reflect I HAD TO";0;0;0;1;en;3228625825;1695868983591973342;shitsfani;https://twitter.com/shitsfani/status/1695868983591973342
Sun Aug 27 18:35:16 +0000 2023;1695867591204413880;"Cruising on Alamo Lake means expansive tranquil desert views. Whether you're boating, fishing, or just want a peaceful place to park the RV and get away from it all, this underrated destination has you covered. Don't forget the sunblock! ‚õ±Ô∏èüòé https://t.co/lGmYtYyYSq https://t.co/wKYyLp8wib";1;0;2;16;en;16291786;1695867591204413880;AZStateParks;https://twitter.com/AZStateParks/status/1695867591204413880
Sun Aug 27 18:33:16 +0000 2023;1695867088835932422;"@Lila_333000 @Enigmaiesh @CensoredMen You mean like developing sunblock? Roofs for shade? Are these acts evil simply because we don't allow ourselves to be cooked by the sun?";0;1;0;0;en;1298220970143096832;1695536737378791572;PlebFox1;https://twitter.com/PlebFox1/status/1695867088835932422
Sun Aug 27 18:09:58 +0000 2023;1695861225299775497;"@HookClassic Bray Wyatt and Undertaker entering for their match at a time when they needed sunblock";0;1;0;0;en;1623669442285633537;1695860978854859140;OffmanFace;https://twitter.com/OffmanFace/status/1695861225299775497
Sun Aug 27 18:02:09 +0000 2023;1695859259617980452;"@Brownsknlady I saw a derm talking about this and she said no. She said your focus for 20‚Äôs-30‚Äôs should be skin care/sunblock and ‚Äúpreventative‚Äù botox is bs and marketing.";0;0;0;1;en;131358052;1695164486053748817;Magusta_;https://twitter.com/Magusta_/status/1695859259617980452
Sun Aug 27 17:24:42 +0000 2023;1695849833444340172;"@PicturesFoIder Probably because no one wore sunblock.";0;0;0;0;en;1417887254421270529;1695538085210227179;sicksadfilms;https://twitter.com/sicksadfilms/status/1695849833444340172
Sun Aug 27 17:21:01 +0000 2023;1695848906423251164;"The sunblock was handed to the girl before practice, but the burned skin was proof she did not apply it.‚úã";0;0;0;0;en;320010645;1695848906423251164;Rachmatcute;https://twitter.com/Rachmatcute/status/1695848906423251164
Sun Aug 27 17:15:05 +0000 2023;1695847413632680192;"@karl_diesel Whatever you say, Captain Sunblock!   Bronzer is the way to go in all conditions";1;2;0;3;en;43818877;1695834860764442841;Kgskins26;https://twitter.com/Kgskins26/status/1695847413632680192
Sun Aug 27 17:04:52 +0000 2023;1695844841391788083;"The sunblock was handed to the girl before practice, but the burned skin was proof she did not apply it.‚úã";0;0;0;0;en;320012783;1695844841391788083;deyonnabieber;https://twitter.com/deyonnabieber/status/1695844841391788083
Sun Aug 27 17:03:28 +0000 2023;1695844491863670819;"At this time of year, we all know we should wear hats and sunblock. But what about other burns, like end-of-summer burnout? https://t.co/KppfOd6bEa https://t.co/MNhw6tSbZI";0;0;0;0;en;782929389734330368;1695844491863670819;_ChristyKelly;https://twitter.com/_ChristyKelly/status/1695844491863670819
Sun Aug 27 17:03:09 +0000 2023;1695844412293595613;"The sunblock was handed to the girl before practice, but the burned skin was proof she did not apply it.‚úã";0;0;0;0;en;320024297;1695844412293595613;ninamindme;https://twitter.com/ninamindme/status/1695844412293595613
Sun Aug 27 17:03:01 +0000 2023;1695844378995040766;"Ok I did the first mountain and turned tf around üòÇ it‚Äôs 100 out and my sweaty sunblock burned tf out my eye üòÇüòÇ";0;0;0;0;en;41913092;1695844378995040766;1LOve___;https://twitter.com/1LOve___/status/1695844378995040766
Sun Aug 27 16:54:33 +0000 2023;1695842248204697842;"The sunblock was handed to the girl before practice, but the burned skin was proof she did not apply it.‚úã";0;0;0;0;en;320012333;1695842248204697842;mynameaye;https://twitter.com/mynameaye/status/1695842248204697842
Sun Aug 27 16:53:37 +0000 2023;1695842011340013632;"i recovered for a week from a month of being sick and losing my voice, to get a flu for 7 days- my body is really not having it HAHAHAHAHA";0;0;0;0;en;1044133213562519552;1695842011340013632;weirdo_sunblock;https://twitter.com/weirdo_sunblock/status/1695842011340013632
Sun Aug 27 16:41:50 +0000 2023;1695839046113865852;"i- I NEED IT (this is capitalism holding me by the throat)";0;0;0;0;en;1044133213562519552;1695839046113865852;weirdo_sunblock;https://twitter.com/weirdo_sunblock/status/1695839046113865852
Sun Aug 27 16:39:59 +0000 2023;1695838580508344346;"Garden expert 10ft x 5ft 50% Black Sun Shade Net Plant Mesh Shade Cloth Sunblock UV Resistant Netting for Greenhouse&amp Garden OBK8JEE  https://t.co/Gnc3fXk0ey";0;0;0;0;en;1579201033930260482;1695838580508344346;price77qalrn;https://twitter.com/price77qalrn/status/1695838580508344346
Sun Aug 27 16:39:18 +0000 2023;1695838407824396741;"MSUIINT 95% 3ft x 16 4 ft Brown Sun Net Sun Mesh Shade Sunblock Shade Cloth UV Resistant Net Knitted Mesh Trap Balcony Privac THKA4CD  https://t.co/4K65McHUw8";0;0;0;0;en;1529330209211568128;1695838407824396741;KathryneGerhold;https://twitter.com/KathryneGerhold/status/1695838407824396741
Sun Aug 27 16:29:23 +0000 2023;1695835911945064574;"@just13julee at first, yes. By the time the 11th inning was done and I had sweat off all my sunblock, I looked like Clark Griswold after his trek through the desert to save his family. The grounds for the Renaissance festival...were built on a hillside.";0;0;0;1;en;2931520986;1695780280173240434;bjones4672;https://twitter.com/bjones4672/status/1695835911945064574
Sun Aug 27 16:29:33 +0000 2023;1695835954005901537;"@iamdrjoe I always thought that the differences rely on the ingredient.  chemical = sunscreen, it can absorb into skin and convert the UV rays into heat  physical = sunblock since it just sit on skin and reflect the UVA &amp  UVB";0;0;0;0;en;319995467;1695632737804386736;moonroha__;https://twitter.com/moonroha__/status/1695835954005901537
Sun Aug 27 16:36:40 +0000 2023;1695837747418742923;"@UNEP @BillGates killed them.  #SunBlock";0;0;0;0;en;1493699798863601665;1695677774391042299;diane_abele;https://twitter.com/diane_abele/status/1695837747418742923
Sun Aug 27 16:29:22 +0000 2023;1695835908543844791;"@ChrissieMayr Yes. Sunblock makes me very happy. You know what else is gay? Melanoma.";0;0;0;0;en;1413217558061215754;1695482047651873257;WeAreMikeJ;https://twitter.com/WeAreMikeJ/status/1695835908543844791
Sun Aug 27 15:50:21 +0000 2023;1695826089892073884;"@AlexArborist Sunblock?";0;0;0;2;en;1644557189015818240;1695810610645090401;xevinisis;https://twitter.com/xevinisis/status/1695826089892073884
Sun Aug 27 16:08:00 +0000 2023;1695830530300796945;"@AlexvrbX @ChrissieMayr Nope say no to sunblock";0;0;0;0;en;1432775507242852360;1695482047651873257;HellsSpawnWorld;https://twitter.com/HellsSpawnWorld/status/1695830530300796945
Sun Aug 27 15:57:48 +0000 2023;1695827966146589064;"@sunscrolls STOPPP this is so freaking cute!! üò≠ I can totally see sh getting so annoyed that sn wouldn‚Äôt bring sunblock or bug repellent to the outings and having to share his stuff with him because ‚Äúhe would get annoyed seeing the bug bites on sn‚Äù but deep down‚Ä¶ he actually cares about‚Ä¶";0;1;0;1;en;1662934799428771841;1695816402844942505;lethalksn;https://twitter.com/lethalksn/status/1695827966146589064
Sun Aug 27 16:14:37 +0000 2023;1695832196244976111;"@EDenhoff For instance, a transplant recipient has to take meds every 12 hours exactly. No swimming or hot tub. Many foods we can't eat. No suntanning.  Always sunblock. Many meds we can't take.  If you aren't compliant BEFORE the transplant, there's no assurance you'll be compliant after.";0;1;0;4;en;1326727167804256257;1695604883871924405;JackieJanes8;https://twitter.com/JackieJanes8/status/1695832196244976111
Sun Aug 27 15:46:41 +0000 2023;1695825167338078290;"My drsgonborn creating the best SPF sunblock with gale and a veil umbrella with dammon just for astarion";0;0;0;1;en;4635992000;1695825167338078290;milo_drums;https://twitter.com/milo_drums/status/1695825167338078290
Sun Aug 27 15:33:57 +0000 2023;1695821961409228921;"@lethalksn there‚Äôs an outing?! while hn despises the mere thought of it. he just HAS to take care of the younger too as sn it too happy-go-lucky to think about bringing sunblock and inset repellant lotion.   He scolds sn as he shoves the bottles to the younger one, nagging about the +";0;1;0;1;en;1608138059069157377;1695816402844942505;sunscrolls;https://twitter.com/sunscrolls/status/1695821961409228921
Sun Aug 27 15:24:22 +0000 2023;1695819552473415685;"@BeeannaStington *Sunblock, towels, life-vests, floaties, etc.*";0;1;0;2;en;1403811921246130177;1441766252343558161;RaeTurtle;https://twitter.com/RaeTurtle/status/1695819552473415685
Sun Aug 27 14:56:03 +0000 2023;1695812426959118520;"@ohnightss Horrible";0;0;0;0;en;1117589287220973569;1695519832798548125;micaatt;https://twitter.com/micaatt/status/1695812426959118520
Sun Aug 27 14:47:09 +0000 2023;1695810184709607926;"@ChrissieMayr Most sunblock causes more cancer than it stops. Cancer is gay. So sunblock causes gayness.   Yes. True. Fact. https://t.co/iS14aIA1gC";0;0;0;0;en;1586017544334643201;1695482047651873257;FunkyOpinion;https://twitter.com/FunkyOpinion/status/1695810184709607926
Sun Aug 27 14:39:51 +0000 2023;1695808348715880615;"@iamdrjoe No no, both just the name je. Sekarang semua guna sunscreen sbb uv rays tak boleh nak halang 100% that's why skg banyak guna "sunscreen". Importance to check your sunblock/screen have broad spectrum coverage (UVA/UVB/SPF30-50PA++++)";0;0;0;2;en;1009095712070463489;1695632737804386736;Petolake1;https://twitter.com/Petolake1/status/1695808348715880615
Sun Aug 27 13:14:47 +0000 2023;1695786939239301308;"@dxaia_ Same ta di ko ga use gud heavy makeup. Pwedi raka mag sunblock, bbcream, or if you wanted to use foundation na dili heavy (for me) Revlon Colorstay Full Cover Foundation- Matte tapos";0;1;0;1;en;731135597922787328;1695739771572920672;iamzhinette;https://twitter.com/iamzhinette/status/1695786939239301308
Sun Aug 27 14:20:13 +0000 2023;1695803406605234618;"ENGINEERED SMOKE =SUNBLOCK: While the Maui firestorm details are still being unraveled, nearly 40 million acres of forest have incinerated in Canada since late spring. This staggering number equates to nearly 60 thousand square miles   https://t.co/r5OvBczL44";0;1;0;1;en;1519358438374998016;1695803406605234618;SteveEl32796677;https://twitter.com/SteveEl32796677/status/1695803406605234618
Sun Aug 27 14:14:16 +0000 2023;1695801911398498345;"@ChrissieMayr depends on where you live, sunblock is gay in the UK but permitted if you live along the equator.";0;0;0;0;en;1272366152950468608;1695482047651873257;finn53157685;https://twitter.com/finn53157685/status/1695801911398498345
Sun Aug 27 13:58:04 +0000 2023;1695797834308591644;"Melanoma, the 5th most prevalent cancer in the US, is rising among all races including Black and Hispanic people. With the exacerbation by global warming, it is vital to stay protected year-round through sunblock, clothing, and hats. Learn more at https://t.co/ccO0f4A5H2. https://t.co/Y3SYRle0Sf";0;0;0;0;en;1631365835548950531;1695797834308591644;eatshealingv2;https://twitter.com/eatshealingv2/status/1695797834308591644
Sun Aug 27 13:35:40 +0000 2023;1695792195469549674;"Going from rain jacket to sunblock in a period of  5 Mins #dutchGP";0;0;0;0;en;712334637989806080;1695792195469549674;furby_ap;https://twitter.com/furby_ap/status/1695792195469549674
Sun Aug 27 13:14:52 +0000 2023;1695786963075248468;"One putt par on 6. Need some sunblock, tunes and some swing oil. Confirmed not tougher than the sun. #PSA #clubchhampionship2k23 https://t.co/yPoHiZlxB8";0;0;0;1;en;344970627;1695786963075248468;C_M_Eder;https://twitter.com/C_M_Eder/status/1695786963075248468
Sun Aug 27 14:31:59 +0000 2023;1695806367561392207;"@ifkate hydrocolloid patches and glycolic acid! Just be sure to use sunblock while using anything with glycolic acid. I also suggest adapalene overnight but it can make you purge for 2 weeks - 2 months which can be obnoxious";0;1;0;1;en;1215426872089239553;1695802017610961343;HopeHavoc;https://twitter.com/HopeHavoc/status/1695806367561392207
Sun Aug 27 13:07:00 +0000 2023;1695784980717170705;"For those who are fair-skinned, staying in the shade can be advantageous at times. And you'll also want to stock up and get in the habit of applying sunscreen, because it can literally prevent skin cancers and save your life. Stop by NP's great selection of sunblock lotion! https://t.co/fPDK2VSJ4S";0;0;0;0;en;522796866;1695784980717170705;NaturesPavilion;https://twitter.com/NaturesPavilion/status/1695784980717170705
Sun Aug 27 13:05:16 +0000 2023;1695784546451525768;"Am i the only person that doesn't know apa perbedaan dari sunscreen and sunblock üßçüèª‚Äç‚ôÄÔ∏èüßçüèª‚Äç‚ôÄÔ∏è";0;0;0;0;en;1637321905698144256;1695784546451525768;sasaranghedonn;https://twitter.com/sasaranghedonn/status/1695784546451525768
Sun Aug 27 12:55:50 +0000 2023;1695782170466333123;"@B5001001101 @anamikaa_143 Sure, here's a draft of a casual and playful yet professional response:  "Can't wait for that sunny landing! ‚òÄÔ∏è Don't forget the sunblock though, it gets pretty hot up there! Good luck with the mission, #futureSolarLander üöÄ"";0;0;0;0;en;1644963506809188352;1695613222806524329;anaytullah62405;https://twitter.com/anaytullah62405/status/1695782170466333123
Sun Aug 27 12:16:43 +0000 2023;1695772326149652554;"@DW_2312 Stay hydrated and wear your sunblock";0;0;0;1;en;235631746;1695771923085402190;PhoenixLewiz;https://twitter.com/PhoenixLewiz/status/1695772326149652554
Sun Aug 27 11:59:41 +0000 2023;1695768040162685100;"@yourgodfather13 Maganda talaga products nila. Buong skincare ko except for the Neutrogena, puro CosRx. I love the serum and sunblock with aloe";0;0;0;1;en;37178765;1695611193283797225;Iam_Baneng;https://twitter.com/Iam_Baneng/status/1695768040162685100
Sun Aug 27 11:19:31 +0000 2023;1695757931780899214;"free sunblock sample while u already bought alot of it üò≠üò≠üò≠";0;1;0;0;en;1501895344531001347;1695757931780899214;smolsnowbol;https://twitter.com/smolsnowbol/status/1695757931780899214
Sun Aug 27 11:09:15 +0000 2023;1695755349985296887;"At this time of year, we all know we should wear hats and sunblock. But what about other burns, like end-of-summer burnout? https://t.co/pjMjRZpoPK https://t.co/lb0wlwktaC";0;0;0;0;en;1582809859182977025;1695755349985296887;CoastlineTrust;https://twitter.com/CoastlineTrust/status/1695755349985296887
Sun Aug 27 11:05:47 +0000 2023;1695754478492766493;"At this time of year, we all know we should wear hats and sunblock. But what about other burns, like end-of-summer burnout? https://t.co/QlpuX5A118 https://t.co/6PoGL7QgsL";0;0;0;0;en;2970595084;1695754478492766493;craigmcdonaldIG;https://twitter.com/craigmcdonaldIG/status/1695754478492766493
Sun Aug 27 11:04:48 +0000 2023;1695754230307402179;"At this time of year, we all know we should wear hats and sunblock. But what about other burns, like end-of-summer burnout? https://t.co/kclEqeW1dV https://t.co/tWsuWbtfH1";0;0;0;1;en;1049453255581986817;1695754230307402179;FoxGroupPWM;https://twitter.com/FoxGroupPWM/status/1695754230307402179
Sun Aug 27 11:04:39 +0000 2023;1695754190679638435;"At this time of year, we all know we should wear hats and sunblock. But what about other burns, like end-of-summer burnout? https://t.co/VQIpOn8GfA https://t.co/IAhbK8y6vY";0;0;0;0;en;1003305987556683776;1695754190679638435;AlejandrMercado;https://twitter.com/AlejandrMercado/status/1695754190679638435
Sun Aug 27 11:04:36 +0000 2023;1695754179166294050;"At this time of year, we all know we should wear hats and sunblock. But what about other burns, like end-of-summer burnout? https://t.co/NzVCy3X0mP https://t.co/qbiRdaytAf";0;0;0;0;en;1096559107656613889;1695754179166294050;PaulMass11;https://twitter.com/PaulMass11/status/1695754179166294050
Sun Aug 27 10:49:42 +0000 2023;1695750428095386041;"No nailpolish, no facial make-up, sunblock or body lotions here, type a person üí™üèΩ soap &amp  oils only ‚ô•Ô∏è";0;0;0;0;en;380561888;1695750428095386041;76Weezer;https://twitter.com/76Weezer/status/1695750428095386041
Sun Aug 27 10:10:30 +0000 2023;1695740565357559934;"Light Serum SPF50 PA++++ 25ml Sunblock Face Sunscreen / 5X Ceramide Serum Sunscreen Tabir Surya Skincare Sunblock Untuk skin barrier rusak kulit sensitif Facial Sunscreen Light Sunscreen Rp39.000 - Rp185.000. https://t.co/7L2aEVj5sb https://t.co/3w1jKaWbom";0;0;0;0;en;278049313;1695740565357559934;LatifahNurP;https://twitter.com/LatifahNurP/status/1695740565357559934
Sun Aug 27 10:09:48 +0000 2023;1695740386713747865;"Cek [Pre order] Glad2Glow Light Sunscreen Gel UV SPF50 PA+++ 30g | Oil-Control Facial Sunscreen Sunblock UVA UVB Sun Protection Face Sunscreen 5X Ceramide Serum Skin Barrier dengan harga Rp48.000. Dapatkan di Shopee sekarang! https://t.co/ejxvRtrNhc https://t.co/xLxjdgMYCM";0;0;0;0;en;278049313;1695740386713747865;LatifahNurP;https://twitter.com/LatifahNurP/status/1695740386713747865
Sun Aug 27 10:09:38 +0000 2023;1695740347757056159;"End up getting this flyer and free sunblock sample. Definitely keeping the flyer cuz I love this image of them.   #veritexNetJames https://t.co/bratYaqbst";1;1;1;14;en;475905566;1695738383832879285;silverxrain89;https://twitter.com/silverxrain89/status/1695740347757056159
Sun Aug 27 10:08:54 +0000 2023;1695740162809172285;"Cek [Pre order] Glad2Glow Light Sunscreen Gel UV SPF50 PA+++ 30g | Oil-Control Facial Sunscreen Sunblock UVA UVB Sun Protection Face Sunscreen 5X Ceramide Serum Skin Barrier dengan harga Rp48.000. Dapatkan di Shopee sekarang! https://t.co/ejxvRtrNhc https://t.co/9tM2yvjloy";0;0;0;0;en;278049313;1695740162809172285;LatifahNurP;https://twitter.com/LatifahNurP/status/1695740162809172285
Sun Aug 27 10:04:32 +0000 2023;1695739062986973682;"@ChrissieMayr Gay and not into long term relationships. I'm on my fourth sunblock this month. Wish me luck!";0;0;0;0;en;1260565696452399108;1695482047651873257;SadieXShaw;https://twitter.com/SadieXShaw/status/1695739062986973682
Sun Aug 27 08:48:42 +0000 2023;1695719977054347695;"@iamdrjoe Don't know about sunscreen or sunblock, but I do know that you are my sunshine.   üòÇü•±üò¥üòÖü§£ü•π";0;1;1;24;en;131803656;1695632737804386736;ardifd;https://twitter.com/ardifd/status/1695719977054347695
Sun Aug 27 08:44:36 +0000 2023;1695718946769616954;"@xhuankenot @iamdrjoe nope. sunblock is disticnt with sunscreen. sunblock usually zinc oxide reflects sunrays. dia stays on skin. sunscreen duduk dlm skin, and converts uv rays into heat. sbb tu, ada concern women pregnant xleh pakai sunscreen.";0;1;0;1;en;3271674732;1695632737804386736;ilavyou_faisal;https://twitter.com/ilavyou_faisal/status/1695718946769616954
Sun Aug 27 07:51:10 +0000 2023;1695705500313362767;"@iamdrjoe experts rename it. sunscreen is a new word for sunblock because no product can totally block uv rays.";0;0;0;4;en;1515822901;1695632737804386736;nightyangels;https://twitter.com/nightyangels/status/1695705500313362767
Sun Aug 27 07:49:13 +0000 2023;1695705010758463620;"@13BLKLC Don‚Äôt forget sunblock";0;1;0;0;en;809284377662263296;1695633999392358409;peculiarwenjun;https://twitter.com/peculiarwenjun/status/1695705010758463620
Sun Aug 27 07:47:48 +0000 2023;1695704651537244362;"Uh, w/o sunblock Skin Cancer? ü•±";0;0;1;0;en;1479502474251628549;1695704651537244362;nobleInfanTree;https://twitter.com/nobleInfanTree/status/1695704651537244362
Sun Aug 27 06:54:48 +0000 2023;1695691316586541423;"@ChrissieMayr I'm a 34 year old ginger. I got face skin cancer at 29. I had to have a tumor removed from my eyebrow and cosmetic surgery to make it look okay. Sunblock is not gay, that's fake news. Sunscreen your German ass woman!";0;0;0;0;en;1519328392419500032;1695482047651873257;Anat_Rava;https://twitter.com/Anat_Rava/status/1695691316586541423
Sun Aug 27 06:38:36 +0000 2023;1695687239433388048;"@PstafarianPrice yet another reason to hate sunblock";0;0;0;1;en;27766330;1695686794287743141;dendricide;https://twitter.com/dendricide/status/1695687239433388048
Sun Aug 27 06:37:11 +0000 2023;1695686881042997354;"ini debesttt sii  Nama Produk:   Madame Gie Madame Protect Me Sunscreen SPF 30 PA +++ With Calendula - Skincare Sunblock Harga Produk:  Rp80.000 Harga Diskon:  Rp24.700 | https://t.co/mR9OmOlpig";0;0;0;0;en;1656290225080115200;1695686881042997354;JessicaAnd16586;https://twitter.com/JessicaAnd16586/status/1695686881042997354
Sun Aug 27 04:52:32 +0000 2023;1695660543305187605;"@iamdrjoe The correct term is sunscreen. The term ‚Äòsunblock‚Äô has been banned by the FDA since 2011 and other global agencies follow suit because it contains overclaim as sunscreen does not block UV 100% and not permanent.";1;1;33;120;en;227179769;1695632737804386736;imranfaisal_;https://twitter.com/imranfaisal_/status/1695660543305187605
Sun Aug 27 04:48:36 +0000 2023;1695659557140209781;"üè™‚ú® The sunblock was handed to the girl before practice, but the burned skin was proof she did not apply it.";0;0;0;0;en;1588572549650096128;1695659557140209781;PhilipDuBois19;https://twitter.com/PhilipDuBois19/status/1695659557140209781
Sun Aug 27 04:30:00 +0000 2023;1695654876670578694;"@PicturesFoIder Extreme sun exposure with poor sunblock if they used any, lead, cigarettes, and also just the environment they grew up in are all factors. I feel like gen x was the first generation that got to stay young longer because of social expectations becoming more lax.";0;0;0;0;en;968191168189100032;1695538085210227179;MagnysVoss;https://twitter.com/MagnysVoss/status/1695654876670578694
Sun Aug 27 04:24:22 +0000 2023;1695653455455760496;"Actually takde beza pun sebab sunblock to perkataan lama while sunscreen perkataan baru. The reason why it's called sunscreen and not sunblock anymore is the fact that even 100 spf can only block 99% of the uv";0;1;0;1;en;1357571077484867584;1695653455455760496;minjunmoonjun;https://twitter.com/minjunmoonjun/status/1695653455455760496
Sun Aug 27 04:13:30 +0000 2023;1695650722526986719;"It‚Äôs because they didn‚Äôt use sunblock";1;1;1;4;en;3236463979;1695650722526986719;savagerae00;https://twitter.com/savagerae00/status/1695650722526986719
Sun Aug 27 04:06:17 +0000 2023;1695648905189617969;"@iamdrjoe apparently labelling sunscreen as sunblock is considered misleading according to FDA https://t.co/fztPzzyLXf";0;0;5;20;en;1205457383977209856;1695632737804386736;xhuankenot;https://twitter.com/xhuankenot/status/1695648905189617969
Sun Aug 27 04:01:59 +0000 2023;1695647823809634356;"@ChrissieMayr The sunblock with two dudes kissing is pretty gay.";0;0;0;0;en;200326632;1695482047651873257;hi_isaid;https://twitter.com/hi_isaid/status/1695647823809634356
Sun Aug 27 03:31:44 +0000 2023;1695640210590269561;"@iamdrjoe nope sunscreen is a new term to replace sunblock. sebab no product can 100% block uv rays therefore they decided utk guna terms sunscreen instead. ada replies yg kata sunblock blocks uva while sunscreen blocks uva uvb pun wrong. it depends on the uv filters used dalam product tu";4;3;200;1011;en;1205457383977209856;1695632737804386736;xhuankenot;https://twitter.com/xhuankenot/status/1695640210590269561
Sun Aug 27 03:23:49 +0000 2023;1695638219390619923;"@The_Epic_Mike @ChrissieMayr I use sunblock to keep my skin light. Otherwise I look like I'm from Tahiti lol";0;0;0;1;en;1544320106645409792;1695482047651873257;HeronOfAlexand1;https://twitter.com/HeronOfAlexand1/status/1695638219390619923
Sun Aug 27 03:21:25 +0000 2023;1695637616056479918;"@ChrissieMayr If you want to be burned like a lobster. My sister-in-law got skin cancer on the face from not using sunblock. She's fine now but the surgery and pain after was excruciating. You need the right skin to face the full power of Sun and ginger that aint you. üòâ";0;0;0;0;en;1417876605066694665;1695482047651873257;MarshallCd;https://twitter.com/MarshallCd/status/1695637616056479918
Sun Aug 27 03:21:54 +0000 2023;1695637737863610527;"UV is a non-ionising radiation. It's harmful in high doses thus sunblock &amp  sunscreen, but not as bad as the cosmic waves you get everyday and even more when flying";0;0;0;0;en;13829742;1695637737863610527;Dafrosty;https://twitter.com/Dafrosty/status/1695637737863610527
Sun Aug 27 03:18:24 +0000 2023;1695636854350197108;"@iamdrjoe Sunscreen blocks UV-B rays.  Sunblock blocks UV-A and UV-B rays.";0;0;1;4;en;4688829134;1695632737804386736;A_Hxrrxz;https://twitter.com/A_Hxrrxz/status/1695636854350197108
Sun Aug 27 03:08:30 +0000 2023;1695634364670038237;"@iamdrjoe If you are out in the sun alot mcm kerja site or beach day then sunblock (less sunburnt effects). But if mostly spent time indoors (so you need vitamin D and other good sun-related vitamins) sunscreen is good enough. That's from my experience + preference lah.";0;1;1;54;en;1606237050327674880;1695632737804386736;lssalaila;https://twitter.com/lssalaila/status/1695634364670038237
Sun Aug 27 03:05:30 +0000 2023;1695633609691148756;"@syasyafickry Aaaa tu lah. Tapi if sunblock bukan will leave obvious white patches on the skin kah? Haha. Ideally sunscreen for daily use lah kan? Hmmm. Ya weh, janji pakai je üòÇ";0;2;0;12;en;47080327;1695632737804386736;iamdrjoe;https://twitter.com/iamdrjoe/status/1695633609691148756
Sun Aug 27 03:02:02 +0000 2023;1695632737804386736;"Oh aku baru tau rupanya ada difference between sunscreen and sunblock üòÖ  Sunscreen - screens UV rays therefore allowing some to penetrate the skin (turning them into non-damaging wavelengths of light &amp  heat)  Sunblock - completely blocks UV rays from penetrating the skin  Any‚Ä¶";41;38;992;4390;en;47080327;1695632737804386736;iamdrjoe;https://twitter.com/iamdrjoe/status/1695632737804386736
Sun Aug 27 02:45:22 +0000 2023;1695628542854443053;"@ChrissieMayr Only if a guy puts his sunblock on another guy.";0;4;0;11;en;2751055185;1695482047651873257;Sheepsidian;https://twitter.com/Sheepsidian/status/1695628542854443053
Sun Aug 27 02:36:17 +0000 2023;1695626258002968972;"üèÖüìò The sunblock was handed to the girl before practice, but the burned skin was proof she did not apply it. https://t.co/40nQaty8xN";0;0;0;0;en;1439298126;1695626258002968972;freddy_coupeur;https://twitter.com/freddy_coupeur/status/1695626258002968972
Sun Aug 27 02:24:32 +0000 2023;1695623300192592039;"@nuuugreentea pake sunblock";0;1;0;0;en;1637401317382717441;1695582336824569966;darkVelV3;https://twitter.com/darkVelV3/status/1695623300192592039
Sun Aug 27 02:30:32 +0000 2023;1695624811140247633;"@ChrissieMayr I am a white man in a brown world.  So sunblock is not gay, but it is racist.";0;0;0;0;en;1518941805370171392;1695482047651873257;4StrokeEngineer;https://twitter.com/4StrokeEngineer/status/1695624811140247633
Sun Aug 27 02:21:03 +0000 2023;1695622422840721645;"Everyone is exhausted on a meta level at this point and we‚Äôre all just trying to ignore it, right? Not just me?";0;0;0;3;en;1332317353;1695622422840721645;sunblock17;https://twitter.com/sunblock17/status/1695622422840721645
Sun Aug 27 01:47:02 +0000 2023;1695613862744395956;"@ChrissieMayr Sunblock &gt  sunburn and skin cancer.";0;0;0;0;en;1519061380602597376;1695482047651873257;vgk_1982;https://twitter.com/vgk_1982/status/1695613862744395956
Sun Aug 27 01:22:12 +0000 2023;1695607612598051107;"@ChrissieMayr I've always found sunblock to be a good excuse to give a girl an impromptu full-body massage on the beach in public, so... I'm gonna go with sunblock being super-straight.  üòÖ";0;0;0;4;en;32499262;1695482047651873257;Marsupial_Gamer;https://twitter.com/Marsupial_Gamer/status/1695607612598051107
Sun Aug 27 02:07:05 +0000 2023;1695618907300634682;"@ChrissieMayr Sunblock is only gay if you use it instead of lube on a dude.";0;0;0;0;en;1519383261729984512;1695482047651873257;heavyliftinnerd;https://twitter.com/heavyliftinnerd/status/1695618907300634682
Sun Aug 27 02:15:28 +0000 2023;1695621018906181842;"@ChrissieMayr It's just the face you have to make when applying it to your nose region that feels like butt sex. Not the actual sunblock.";0;0;0;0;en;1456314893259444225;1695482047651873257;EDewayneJ;https://twitter.com/EDewayneJ/status/1695621018906181842
Sun Aug 27 01:14:57 +0000 2023;1695605788457509144;"@isabelmerana Money to buy all kinds of sunblock";0;0;0;0;en;931410540613722114;1695489190585073857;romelarabia;https://twitter.com/romelarabia/status/1695605788457509144
Sun Aug 27 01:06:27 +0000 2023;1695603647567282208;"üòÜüöé The sunblock was handed to the girl before practice, but the burned skin was proof she did not apply it. https://t.co/IcN5X6Aipo";0;0;0;0;en;1588558583779987456;1695603647567282208;IsabelS60596176;https://twitter.com/IsabelS60596176/status/1695603647567282208
Sun Aug 27 02:07:50 +0000 2023;1695619096606634026;"@ChrissieMayr yes sunblock is gay. Little secret. Sun is how Gingers add sole.";0;0;0;0;en;833950638;1695482047651873257;hamer7485;https://twitter.com/hamer7485/status/1695619096606634026
Sun Aug 27 01:19:52 +0000 2023;1695607025940496405;"@ChrissieMayr Sunblock gay.   Sunscreen. Not gay.";0;0;0;0;en;1271226755051905026;1695482047651873257;PrivilegeMaster;https://twitter.com/PrivilegeMaster/status/1695607025940496405
Sun Aug 27 01:16:32 +0000 2023;1695606189038395852;"@ChrissieMayr sunblock is bicurious at worst";0;0;0;0;en;29981625;1695482047651873257;brijo00;https://twitter.com/brijo00/status/1695606189038395852
Sun Aug 27 01:15:21 +0000 2023;1695605890785694116;"@YellowFlashGuy @ChrissieMayr If sunblock is gay than I‚Äôm must be supa-gay.  I have albinism.  After 5 mins of direct sun cooks me without sunblock";0;0;0;2;en;304330180;1695482047651873257;paulsites1;https://twitter.com/paulsites1/status/1695605890785694116
Sun Aug 27 01:36:25 +0000 2023;1695611190674891243;"@ChrissieMayr Sunblock lube. ü§∑üèæ‚Äç‚ôÄÔ∏è";0;0;0;0;en;14819246;1695482047651873257;LaehcaRae;https://twitter.com/LaehcaRae/status/1695611190674891243
Sun Aug 27 01:27:01 +0000 2023;1695608824953016554;"@ChrissieMayr Sunblock is super gay. Anything that blocks your skin from the sun is gay, including clothes. Clothes are gay. So....stop wearing clothes....thank you";0;0;0;0;en;1677427009138356224;1695482047651873257;LibsAreSchizos;https://twitter.com/LibsAreSchizos/status/1695608824953016554
Sun Aug 27 01:03:56 +0000 2023;1695603017868046656;"@ChrissieMayr Depends   When around other men, yes  Around women, depends. Use spray if yes  With your children who need sunblock, never";0;0;0;0;en;1588847388373880832;1695482047651873257;Marc_Escens;https://twitter.com/Marc_Escens/status/1695603017868046656
Sun Aug 27 01:03:53 +0000 2023;1695603003250860439;"Check out SKINTIFIC Sunscreen Light Serum SPF50 PA++++ 25ml Skincare Sunblock Stick Oily Acne-prone Skin UV Protection for RM35.00. Get it on Shopee now! https://t.co/kvqo8NfGVe https://t.co/jisQmpHAMP";0;0;0;0;en;198849637;1695603003250860439;malaysiandaily;https://twitter.com/malaysiandaily/status/1695603003250860439
Sun Aug 27 00:56:40 +0000 2023;1695601186236162394;"@ChrissieMayr As a fellow ginger‚Äî never use sunblock.";0;2;0;3;en;2672615846;1695482047651873257;TaylerUSA;https://twitter.com/TaylerUSA/status/1695601186236162394
Sun Aug 27 00:15:57 +0000 2023;1695590939715145750;"A kid I used to tutor thought that, instead of sunblock, people were saying, ‚Äúsome block.‚Äù So he‚Äôd be like, ‚Äúto play outside, you have to put on your block,‚Äù or ‚ÄúI need some block.‚Äù I never corrected him. I think about it nearly everyday and I often call it block, too. ü§£ü§£";0;0;0;0;en;480640517;1695590939715145750;LisaSciarrillo;https://twitter.com/LisaSciarrillo/status/1695590939715145750
Sun Aug 27 00:28:51 +0000 2023;1695594187230752848;"@ChrissieMayr I've never used it and I'm Irish. It's been proven that sunblock causes cancer and actually has chemicals similar to that that make frogs gay believe it or not. So yeah it's pretty gay but if you're going out in super hardcore son you might want to put a little bit on your nose‚Ä¶";0;3;0;10;en;63444969;1695482047651873257;slave_2_liberty;https://twitter.com/slave_2_liberty/status/1695594187230752848
Sun Aug 27 00:55:46 +0000 2023;1695600962549817361;"@ChrissieMayr Have never heard this.  Cannot confirm.  As a hetero man who lives out in the country, we use sunblock regularly because we think getting skin cancer is gay.";0;0;0;0;en;1586774034703912960;1695482047651873257;VetPatriot1776;https://twitter.com/VetPatriot1776/status/1695600962549817361
Sat Aug 26 23:18:21 +0000 2023;1695576445760803119;"@Liamnotalkie If you don't have a choice, then I highly suggest wearing sunblock.";0;0;0;1;en;1358975032945479683;1695494109862023542;melodytheyeen;https://twitter.com/melodytheyeen/status/1695576445760803119
Sat Aug 26 23:00:37 +0000 2023;1695571984237945288;"@ChrissieMayr I have an allergic reaction to sunblock, so yes it‚Äôs true";0;0;0;0;en;1518809213660590080;1695482047651873257;monopolyloser2;https://twitter.com/monopolyloser2/status/1695571984237945288
Sat Aug 26 22:52:11 +0000 2023;1695569859583582337;"Day one of #PokemonGOFest2023 complete, and even with a generous re-up on sunblock around 2:00 I can tell I am going to be ruddy-cheeked tomorrow ü•≤  May or may not be back in Old Town for day two. We‚Äôll see! #PokemonGO #PokemonGoAR #PokemonGoFest https://t.co/yzjskP5RsM";0;1;0;2;en;16752797;1695569859583582337;RDW0409;https://twitter.com/RDW0409/status/1695569859583582337
Sat Aug 26 22:49:27 +0000 2023;1695569174423335255;"@ChrissieMayr Saying sunblock is gay is gay.";0;0;0;0;en;1519634975275970561;1695482047651873257;Gregotto33;https://twitter.com/Gregotto33/status/1695569174423335255
Sat Aug 26 22:47:16 +0000 2023;1695568624138772488;"@GoingParabolic I never wore sunblock, never made sense to me.";0;0;0;0;en;1639047127761584128;1695477791582568505;xgendgen;https://twitter.com/xgendgen/status/1695568624138772488
Sat Aug 26 22:38:37 +0000 2023;1695566444069568718;"When you play soccer for the first time in about a decade. Not only are my legs sore, but I didn‚Äôt apply sunblock. ü§¶üèª‚Äç‚ôÇÔ∏èü§∑üèª‚Äç‚ôÇÔ∏è #chile";0;0;0;0;en;1518677071970672640;1695566444069568718;FJoshFlores;https://twitter.com/FJoshFlores/status/1695566444069568718
Sat Aug 26 22:37:17 +0000 2023;1695566109804765324;"I just got excited seeing that the folks who make sunscreen make a ‚Äúhair and scalp‚Äù protection sunblock.  Is this what it feels like to be an aging (and balding) adult?! üòÇüòÇüòÇ";0;1;0;7;en;2658070706;1695566109804765324;johnwylie;https://twitter.com/johnwylie/status/1695566109804765324
Sat Aug 26 22:34:57 +0000 2023;1695565523692482778;"@ChrissieMayr Wow! When did sunblock come out the closet?";0;0;0;0;en;1421514482677960707;1695482047651873257;joellop64862734;https://twitter.com/joellop64862734/status/1695565523692482778
Sat Aug 26 22:28:40 +0000 2023;1695563941181592031;"@ChrissieMayr No it's not, but a guy putting sunblock on a guy... Well that definitely gay, hyper gay... Maybe even gae https://t.co/tL2CBqQuJ9";0;0;0;0;en;1524081284749877249;1695482047651873257;KT07210137;https://twitter.com/KT07210137/status/1695563941181592031
Sat Aug 26 22:17:25 +0000 2023;1695561109057548393;"The realnfeel during the OUTDOOR ceremony, was ONE HUNDRED TEN DEGREES. I'm so grateful I remembered to put on sunblock.";0;0;0;0;en;26497178;1695471482191725037;Jessikeeeee;https://twitter.com/Jessikeeeee/status/1695561109057548393
Sat Aug 26 22:15:17 +0000 2023;1695560575428984978;"@DKINGNFT I pay for sunblock though";0;2;0;2;en;46920389;1695531170228842797;SLOTR;https://twitter.com/SLOTR/status/1695560575428984978
Sat Aug 26 22:10:09 +0000 2023;1695559281058394415;"I think I should of brought sunblock damn‚Ä¶..";0;2;0;1;en;1585363962727518209;1695559281058394415;pinkvelvetsss;https://twitter.com/pinkvelvetsss/status/1695559281058394415
Sat Aug 26 22:03:55 +0000 2023;1695557714477281697;"@loffredojeremy Government is getting in the way, again. Just like our guys and gals had to go over to Afghanistan to be on the ground to save our people and our allies, we may have to ask our guys and gals to pack the sunblock and ride into Lahaina. Thanks, Joe! Stay out of the way!";0;1;0;14;en;3130873485;1694948583542251620;jvdunleavy;https://twitter.com/jvdunleavy/status/1695557714477281697
Sat Aug 26 21:59:47 +0000 2023;1695556672511500397;"@Q_Review Also people had worse skin back then cause they had less ways to protect it like sunblock";0;0;0;18;en;1681463404576354305;1695555519300133207;Ashdromeda1;https://twitter.com/Ashdromeda1/status/1695556672511500397
Sat Aug 26 21:54:40 +0000 2023;1695555386776948866;"@ChrissieMayr Don‚Äôt use sunblock - embrace the sunburn. Be a man.";0;0;0;0;en;1297129806962753542;1695482047651873257;RicardoRetardoo;https://twitter.com/RicardoRetardoo/status/1695555386776948866
Sat Aug 26 21:52:32 +0000 2023;1695554849096798301;"@istayinshape @AllBiteNoBark88 Yep, little kids in childcare get smothered in sunblock just to play in the shade for an hour.";0;0;0;0;en;966212250322251776;1695205277220438481;Marilyn35262574;https://twitter.com/Marilyn35262574/status/1695554849096798301
Sat Aug 26 21:29:17 +0000 2023;1695548998147359017;"@ChrissieMayr No way !   But doesn't  make sunblock homophobic just because the sun is gay.";0;0;0;0;en;1963156207;1695482047651873257;cliveric1;https://twitter.com/cliveric1/status/1695548998147359017
Sat Aug 26 21:24:06 +0000 2023;1695547691327959309;"Is Earth ready for some sunblock? Big ideas for slowing climate change ‚Äî and big risks, too | CBC News https://t.co/uPldAQtUEF";0;0;0;0;en;2414812632;1695547691327959309;CaptnKennysFr;https://twitter.com/CaptnKennysFr/status/1695547691327959309
Sat Aug 26 21:17:57 +0000 2023;1695546146054099103;"Thank Gates #SunBlock";0;0;0;0;en;1493699798863601665;1695546146054099103;diane_abele;https://twitter.com/diane_abele/status/1695546146054099103
Sat Aug 26 21:21:10 +0000 2023;1695546954170741096;"@ChrissieMayr A dude rubbing sunblock on another dude is gay, but the sunblock itself is not gay.   As with anything (even gerbils), the gayness is in how you use it.";0;1;0;1;en;1215786379155820550;1695482047651873257;GreatUSTreasure;https://twitter.com/GreatUSTreasure/status/1695546954170741096
Sat Aug 26 21:17:57 +0000 2023;1695546144854884361;"Thank Gates #SunBlock";0;0;0;0;en;1493699798863601665;1695546144854884361;diane_abele;https://twitter.com/diane_abele/status/1695546144854884361
Sat Aug 26 21:09:53 +0000 2023;1695544115297951928;"@ChrissieMayr I‚Äôve never seen Sunblock out with a girl, so‚Ä¶.. üë†";0;0;0;0;en;1654920920337727491;1695482047651873257;Pastmaster26821;https://twitter.com/Pastmaster26821/status/1695544115297951928
Sat Aug 26 21:00:53 +0000 2023;1695541852584173914;"@Brick_Suit @ChrissieMayr Sunblock has benzene which causes cancer, so yeah, sunblock is definitely GAYyyyy";0;0;0;7;en;1525996074560892929;1695482047651873257;OKTX1967;https://twitter.com/OKTX1967/status/1695541852584173914
Sat Aug 26 20:49:46 +0000 2023;1695539054560117196;"‚ñòEver since we lost the ozone layer, they say that twenty minutes out in the California sun is too much these days. Not unless you have Sunblock 5000. This message brought to you by Omni Consumer Products ‚Ñ¢ https://t.co/3JmqiZ6U8L";0;0;0;0;en;1587625739951566848;1695539054560117196;TheRoboCopOCP;https://twitter.com/TheRoboCopOCP/status/1695539054560117196
Sat Aug 26 20:38:04 +0000 2023;1695536107910225985;"No but I don‚Äôt fuq with sunblock ü§£ maybe when I‚Äôm old &amp  gray I will .. wait I am gray &amp  old &amp  still don‚Äôt ü§£ü§∑üèº‚Äç‚ôÄÔ∏è";0;0;0;0;en;1523530364962103298;1695536107910225985;MsProLifeUSA;https://twitter.com/MsProLifeUSA/status/1695536107910225985
Sat Aug 26 20:25:32 +0000 2023;1695532952929935401;"It is so tired to keep bringing up the DGA every single time there‚Äôs a development in WGA negotiations, just let it go üôÑ";0;0;0;2;en;1332317353;1695532952929935401;sunblock17;https://twitter.com/sunblock17/status/1695532952929935401
Sat Aug 26 20:23:29 +0000 2023;1695532437911089534;"Was applying sunblock for my son's soccer game. Was about to apply it to my legs when I realized I was wearing jeans.";0;0;0;1;en;43319485;1695532437911089534;ImmortalPyro;https://twitter.com/ImmortalPyro/status/1695532437911089534
Sat Aug 26 20:22:58 +0000 2023;1695532306587328958;"@ChrissieMayr Everyone knows sunblock is asexual.";0;0;0;0;en;1584994080576208900;1695482047651873257;THE_BULLGOD1777;https://twitter.com/THE_BULLGOD1777/status/1695532306587328958
Sat Aug 26 20:10:29 +0000 2023;1695529169139142836;"Is Earth ready for some sunblock? Big ideas for slowing #climate change ‚Äî and big risks, too: https://t.co/rpabyfyqHU";0;0;0;0;en;16592908;1695529169139142836;FrankHilzerman;https://twitter.com/FrankHilzerman/status/1695529169139142836
Sat Aug 26 20:12:48 +0000 2023;1695529749957992479;"What a contrast from where the Reds are/have been, versus where they head after tomorrow‚Äôs series finale.  ‚Ä¶has Sunblock 5000 from Robocop 2 actually been invented yet? https://t.co/TXvaz3iasY";0;7;2;38;en;91219619;1695529749957992479;johnsadak;https://twitter.com/johnsadak/status/1695529749957992479
Sat Aug 26 20:12:08 +0000 2023;1695529581745230139;"My bros tried this shit logic Colombia and the whole squad left peeling burnt skin for a week.   Wear Sunblock man. The sun ain‚Äôt racist.";0;1;1;3;en;4271342656;1695529581745230139;ToneQapo;https://twitter.com/ToneQapo/status/1695529581745230139
Sat Aug 26 20:20:43 +0000 2023;1695531743925899545;"@ChrissieMayr I prefer a light denim or leather jacket and only use sunblock when I have to show skin and can‚Äôt avoid the sun, like in the beach. Because is kinda gay.";0;0;0;0;en;1279643250043707392;1695482047651873257;Rickrol33383883;https://twitter.com/Rickrol33383883/status/1695531743925899545
Sat Aug 26 20:09:03 +0000 2023;1695528804414804140;"@neomunuke Have you been playing on sunblock mode daily???";0;1;0;2;en;1091161363014209538;1695519002054005080;KristraceRPG;https://twitter.com/KristraceRPG/status/1695528804414804140
Sat Aug 26 20:00:38 +0000 2023;1695526688619163937;"At this time of year, we all know we should wear hats and sunblock. But what about other burns, like end-of-summer burnout? https://t.co/WQtTGlHf6M https://t.co/W49GVKyYlt";0;0;0;0;en;715589808190590976;1695526688619163937;David_Bobrowsky;https://twitter.com/David_Bobrowsky/status/1695526688619163937
Sat Aug 26 19:58:21 +0000 2023;1695526113475211515;"@GoingParabolic Haven‚Äôt worn sunblock in over 25 years.   And I‚Äôm a red head.   And I‚Äôm outside all the time  I would burn. Sometimes Bad.   Quit eating plant oils this year.   I‚Äôm still a read head.   I‚Äôm still outside all the time.   I burned. But it was nothing.";0;0;0;1;en;1468364126808600576;1695477791582568505;CryptoSkrilla99;https://twitter.com/CryptoSkrilla99/status/1695526113475211515
Sat Aug 26 19:50:19 +0000 2023;1695524091720245695;"Yes I am trying to hold on to this summer as long as possible.   Soak up the vitamin D right now, prepare your immune system for flu season. Sunshine is the best natural vaccine you can get!    Pro tip: To avoid sun cancer ditch the sunblock and instead create a solar callous‚Ä¶ https://t.co/yc1px3Yhg9";0;0;1;7;en;924696856331919360;1695524091720245695;JE_Investments;https://twitter.com/JE_Investments/status/1695524091720245695
Sat Aug 26 19:49:47 +0000 2023;1695523959050310036;"@ChrissieMayr Idk, all I know is I didn't use sunblock when I went on vacation and definitely paid the price for it.";0;0;0;0;en;1285103775007436800;1695482047651873257;ph_estrada4167;https://twitter.com/ph_estrada4167/status/1695523959050310036
Sat Aug 26 19:49:12 +0000 2023;1695523812207722605;"@GoingParabolic Breaking news: he‚Äôs 63 and doesn‚Äôt wear sunblock üì∞";0;0;0;0;en;1686119464994234368;1695477791582568505;BreakinBitx;https://twitter.com/BreakinBitx/status/1695523812207722605
Sat Aug 26 19:45:44 +0000 2023;1695522936688644145;"@MelonieMac @ChrissieMayr This is why you let your hair and your beard grow, natural sunblock! you‚Äôll look like a bum, but it works   all those beach bums know what‚Äôs up!ü§ô";0;0;0;0;en;1600757885570412544;1695482047651873257;I_Am_EDB;https://twitter.com/I_Am_EDB/status/1695522936688644145
Sat Aug 26 19:42:18 +0000 2023;1695522073639338366;"@MelonieMac @ChrissieMayr Having Cecil rub sunblock on my back is gay.";0;0;0;0;en;762248833262690304;1695482047651873257;ForceGhostFabio;https://twitter.com/ForceGhostFabio/status/1695522073639338366
Sat Aug 26 19:40:21 +0000 2023;1695521583220269521;"@MelonieMac @ChrissieMayr Probably ghey but I think you can get sunblock with natural ingredients that is ok for you.  Still you need UV-A to make vit D, it's only UV-b and UV-c you don't want.";0;0;0;0;en;215179895;1695482047651873257;CorvynFrick;https://twitter.com/CorvynFrick/status/1695521583220269521
Sat Aug 26 19:39:53 +0000 2023;1695521465381146645;"@MelonieMac @ChrissieMayr I never use sunblock, not since I was a kid and was forced to. https://t.co/192ysx3n11";0;0;0;5;en;1167722578003275776;1695482047651873257;EricJohnArt;https://twitter.com/EricJohnArt/status/1695521465381146645
Sat Aug 26 19:38:07 +0000 2023;1695521022772998426;"@ChrissieMayr Sunblock is slathering and baking chemicals into your skin that cause more harm than the sun ever could  Also gay";0;21;2;98;en;42361118;1695482047651873257;MelonieMac;https://twitter.com/MelonieMac/status/1695521022772998426
Sat Aug 26 19:35:29 +0000 2023;1695520357136921065;"@AmandaBRinquest Maybe we don‚Äôt use the same amounts of sunblock";0;1;0;0;en;286259901;1695365905402761426;__Shezi;https://twitter.com/__Shezi/status/1695520357136921065
Sat Aug 26 19:31:17 +0000 2023;1695519301800009937;"@__Shezi But sunblock expires";0;1;0;0;en;1474283268652552197;1695365905402761426;AmandaBRinquest;https://twitter.com/AmandaBRinquest/status/1695519301800009937
Sat Aug 26 19:07:33 +0000 2023;1695513329803141614;"@WanjiruNjoya I teach my son to be proud of what he does and who he is as a person. As far as his skin goes I just make sure he understands the importance of sunblock";0;0;0;1;en;1683571600900358150;1695429001345417241;Whythe_______;https://twitter.com/Whythe_______/status/1695513329803141614
Sat Aug 26 19:06:27 +0000 2023;1695513052412551420;"It's gay if you use sunblock while sunning your butthole.";0;0;0;0;en;1594144103243055105;1695513052412551420;HeftyJo;https://twitter.com/HeftyJo/status/1695513052412551420
Sat Aug 26 19:03:35 +0000 2023;1695512329155141751;"@ChrissieMayr They were talking about Sunblock, the gay superhero.";0;0;0;0;en;1169000406019710977;1695482047651873257;NinthOctopus;https://twitter.com/NinthOctopus/status/1695512329155141751
Sat Aug 26 18:49:47 +0000 2023;1695508857945219142;"@GoingParabolic Just use nature's sunblock if you really need, mud. Lol";0;0;0;1;en;1370206292162220036;1695477791582568505;BKronyte;https://twitter.com/BKronyte/status/1695508857945219142
Sat Aug 26 18:41:15 +0000 2023;1695506709945401811;"@komradeperogie @TorontoStar With skin cancer on the rise I hope you are wearing a hat and good sunblock out there.";0;0;0;1;en;1339989819099852802;1695464613884612945;cassidie359;https://twitter.com/cassidie359/status/1695506709945401811
Sat Aug 26 18:35:26 +0000 2023;1695505245105684869;"@ChrissieMayr Surely it's up to the sunblock what it identifies as?";0;0;0;0;en;1500211943751262211;1695482047651873257;SlipdeGarcon;https://twitter.com/SlipdeGarcon/status/1695505245105684869
Sat Aug 26 18:15:24 +0000 2023;1695500205011980403;"@NMzozoyane Ginette 35, sunblock and water";0;1;1;4;en;1236037717303201799;1695493141103538608;Karabo14332759;https://twitter.com/Karabo14332759/status/1695500205011980403
Sat Aug 26 17:50:00 +0000 2023;1695493814079640014;"@ChrissieMayr No, but it does speak to having inferior genetics.  I haver never used sunblock or suncream. I have never had sunburn. Even though I work outdoors.";0;0;0;0;en;2810035407;1695482047651873257;BinglesGaming;https://twitter.com/BinglesGaming/status/1695493814079640014
Sat Aug 26 17:51:08 +0000 2023;1695494098264740305;"@ChrissieMayr Yes, I work with a gay guy and he's always putting on sunblock, even just to go to his car.";0;0;0;0;en;60238484;1695482047651873257;TurdMegurg;https://twitter.com/TurdMegurg/status/1695494098264740305
Sat Aug 26 17:55:09 +0000 2023;1695495110132199933;"@ChrissieMayr 'Sunblock' rhymes with 'suck cock', must be gay.";0;0;0;0;en;1685216580844589056;1695482047651873257;AnarchaicA;https://twitter.com/AnarchaicA/status/1695495110132199933
Sat Aug 26 17:46:24 +0000 2023;1695492908177068349;"@TheHurricaneDu Lmfaoooooo‚Ä¶.guess who all burned in the group I was with in Cancun and who guess who didn‚Äôt? Only one of us used sunblock everyday üòÇüòÇüòÇ";0;1;1;1;en;2451239770;1695487714995376397;trucktrappin;https://twitter.com/trucktrappin/status/1695492908177068349
Sat Aug 26 17:46:23 +0000 2023;1695492904230469690;"@Weapon_o_Choice @ChrissieMayr Skin cancer doctors would be promoting sunblock, as it helps them get more customers.";0;0;0;0;en;1521577759121805314;1695482047651873257;JamesLo23176073;https://twitter.com/JamesLo23176073/status/1695492904230469690
Sat Aug 26 17:36:40 +0000 2023;1695490456539570544;"@ChrissieMayr Very gay. Real men know sunblock doesn‚Äôt work, shade does.";0;0;0;0;en;1604676369937420288;1695482047651873257;kotai_sankin;https://twitter.com/kotai_sankin/status/1695490456539570544
Sat Aug 26 17:29:28 +0000 2023;1695488646227321020;"@GoingParabolic I‚Äôve stopped wearing sunblock altogether, I totally believe this is because I live in the UK and our summer is shit üåßÔ∏è";0;0;1;7;en;1187971298498142209;1695477791582568505;viva_la_vandal;https://twitter.com/viva_la_vandal/status/1695488646227321020
Sat Aug 26 17:29:21 +0000 2023;1695488616116478226;"@ChrissieMayr Sunblock is actually pansexual";0;1;0;16;en;1297839315326836738;1695482047651873257;wrong_speak;https://twitter.com/wrong_speak/status/1695488616116478226
Sat Aug 26 17:29:07 +0000 2023;1695488555882008902;"@TheHurricaneDu Smdh sunblock is actually black under a uv light ü§£üíØ";0;1;0;1;en;1620583914661191683;1695487714995376397;GodbodyRah;https://twitter.com/GodbodyRah/status/1695488555882008902
Sat Aug 26 17:27:13 +0000 2023;1695488079036035553;"@ChrissieMayr rebuttal: sunburns are caused by getting too close to flamers. sunblock literally protects you";0;0;0;0;en;1642326956724342784;1695482047651873257;jakevolkman_com;https://twitter.com/jakevolkman_com/status/1695488079036035553
Sat Aug 26 17:25:46 +0000 2023;1695487714995376397;"If one more blk mf tell me we don‚Äôt need sunblock cause we blk‚Ä¶";2;5;1;16;en;48521723;1695487714995376397;TheHurricaneDu;https://twitter.com/TheHurricaneDu/status/1695487714995376397
Sat Aug 26 17:16:43 +0000 2023;1695485438998507588;"sharing my skincare tips (oily and sensitive skin) cause y not. ¬Ø‚Å†\‚Å†_‚Å†(‚Å†„ÉÑ‚Å†)‚Å†_‚Å†/‚Å†¬Ø  morning routine: foaming wash, toner (whitening or brightening), vit c serum, under eye cream, moisturizer cream, sunscreen or sunblock. +++";0;1;0;0;en;1159841913681281026;1695485438998507588;d444rrrlll;https://twitter.com/d444rrrlll/status/1695485438998507588
Sat Aug 26 17:25:18 +0000 2023;1695487597878120467;"@ChrissieMayr If a person can identify as nonbinary, I guess sunblock can identify as gay.";0;0;0;2;en;1591158326011645952;1695482047651873257;RohlintheWretch;https://twitter.com/RohlintheWretch/status/1695487597878120467
Sat Aug 26 17:14:03 +0000 2023;1695484765129023978;"This is so cool! Thanks @DrMartinPracher for allowing the natural beauty of T'laik, Min, and Susi to be seen. They clearly used sunblock over the summer break to maintain their youthful complexions. üòé Must say I think the resort needs to add a bluing agent to the water though üòâ";0;0;0;6;en;1536206867688411136;1695484765129023978;absurdeity;https://twitter.com/absurdeity/status/1695484765129023978
Sat Aug 26 17:08:41 +0000 2023;1695483415976370413;"@ChrissieMayr The health risks for certain types of sunblock certainly is";0;0;0;0;en;1210928730287116288;1695482047651873257;Springcreature1;https://twitter.com/Springcreature1/status/1695483415976370413
Sat Aug 26 17:04:18 +0000 2023;1695482311926522131;"@ChrissieMayr Just the @budlight sunblock.";0;0;0;0;en;1595032434369765377;1695482047651873257;EspressoJose;https://twitter.com/EspressoJose/status/1695482311926522131
Sat Aug 26 17:12:22 +0000 2023;1695484341298602185;"@ChrissieMayr They couldn‚Äôt have been redheads because we burn and that shit isn‚Äôt fun  Sunblock is a W";0;0;0;0;en;1107208044444876800;1695482047651873257;AcSK1LLies;https://twitter.com/AcSK1LLies/status/1695484341298602185
Sat Aug 26 17:09:20 +0000 2023;1695483579554226351;"@ChrissieMayr umbrellas, sunblock, scarfs, and movies with Ryan Gosling are all gay.";0;3;0;3;en;1518790167183740934;1695482047651873257;SchlackDoom;https://twitter.com/SchlackDoom/status/1695483579554226351
Sat Aug 26 17:01:49 +0000 2023;1695481686728085813;"Definitely spent 2 hours with sunblock in my eye tho";0;0;0;2;en;88342710;1695481685490778157;_sputnik1;https://twitter.com/_sputnik1/status/1695481686728085813
Sat Aug 26 17:04:00 +0000 2023;1695482237830009253;"@ChrissieMayr That noise they make when you slap their sunburn is, idk about the sunblock though.";0;0;0;0;en;544754107;1695482047651873257;ZakkOsborne;https://twitter.com/ZakkOsborne/status/1695482237830009253
Sat Aug 26 17:03:15 +0000 2023;1695482047651873257;"3 men just told me sunblock is gay, is this true?";14;459;20;582;en;2967831;1695482047651873257;ChrissieMayr;https://twitter.com/ChrissieMayr/status/1695482047651873257
Sat Aug 26 17:04:16 +0000 2023;1695482304183828497;"@ChrissieMayr Yes, sunblock is for pussies";0;0;0;0;en;1577374224557162509;1695482047651873257;RagingRamYT;https://twitter.com/RagingRamYT/status/1695482304183828497
Sat Aug 26 16:58:27 +0000 2023;1695480839721583004;"@piratescouch Yikes! Be safe. Slather on that sunblock and keep that water close. üíß";0;0;0;1;en;794297251;1695479645209018836;LScribbles;https://twitter.com/LScribbles/status/1695480839721583004
Sat Aug 26 16:57:39 +0000 2023;1695480638781198692;"If you‚Äôre not   -eating 100% meat -throwing your sunblock in the trash and never wearing it again -on Nostr -drinking milk straight out of a cow  You might as well forget about Bitcoin and go buy something like Litecoin.";0;3;0;10;en;1163324834043949056;1695480638781198692;lite_hause;https://twitter.com/lite_hause/status/1695480638781198692
Sat Aug 26 16:57:00 +0000 2023;1695480473454047577;"@GoingParabolic I live in Cornwall, Uk.   This year I decided to not use suncream or wear sunglasses, and still haven't.   Take Vit C &amp  D and Cod liver oil capsules daily. I've been out and about for the last 6 months and haven't needed sunblock or suncream as of yet. Not sunburnt so far!";0;0;0;1;en;1001165301084491776;1695477791582568505;SayCryptoAgain;https://twitter.com/SayCryptoAgain/status/1695480473454047577
Sat Aug 26 16:56:55 +0000 2023;1695480455137554633;"@doge511 You forgot to use sunblock ü§£ü§£ü§£ü§£ü§£";0;0;0;1;en;1309313177260298240;1695433372820984039;saladin_luis;https://twitter.com/saladin_luis/status/1695480455137554633
Sat Aug 26 16:46:20 +0000 2023;1695477791582568505;"I‚Äôve stopped wearing sunblock altogether.  I totally believe it is causing cancer and vitamin deficiencies.   You need sun.";2;94;33;277;en;1194984822;1695477791582568505;GoingParabolic;https://twitter.com/GoingParabolic/status/1695477791582568505
Sat Aug 26 16:09:20 +0000 2023;1695468480458314168;"Currently regretting not putting on sunblock this morning";0;0;0;0;en;2339532420;1695468480458314168;ShariselleH;https://twitter.com/ShariselleH/status/1695468480458314168
Sat Aug 26 15:49:51 +0000 2023;1695463577547931926;"@LiaLevy888 May I please apply for the position ‚ÄòVice President of Sunblock Application‚Äú?";0;0;0;2;en;796029326831521794;1695433015336538462;paul_siddaway;https://twitter.com/paul_siddaway/status/1695463577547931926
Sat Aug 26 15:38:52 +0000 2023;1695460812125573630;"@fabulucy But keep sunblock handy";0;0;0;1;en;81942541;1695460141817024981;mr_wilf;https://twitter.com/mr_wilf/status/1695460812125573630
Sat Aug 26 15:25:43 +0000 2023;1695457502547034451;"@DrLoupis Best layer of sunblock I‚Äôve ever seen";0;0;0;0;en;1642626467157639170;1695125700917739701;LSU_IA_Rigged;https://twitter.com/LSU_IA_Rigged/status/1695457502547034451
Sat Aug 26 15:24:21 +0000 2023;1695457158198866159;"@CousinTurn Don‚Äôt be jealous I don‚Äôt have to wear sunblock in April";0;1;0;0;en;372576948;1695431853820485745;Handsome_Jake_;https://twitter.com/Handsome_Jake_/status/1695457158198866159
Sat Aug 26 14:40:15 +0000 2023;1695446062541005139;"Alleviating a young mother's worry about her kid getting sunburned by offering them a spare tube of sunblock on my walk is my good deed for the day üòé";0;0;0;0;en;1420095339651112962;1695446062541005139;GojiraOmega;https://twitter.com/GojiraOmega/status/1695446062541005139
Sat Aug 26 14:19:01 +0000 2023;1695440718628553094;"@GREGORYABUTLER @anthonyzenkus @AOC Socialism is not just when the government regulates things. American sunblock is awful and we should reduce barriers to get access to European sunblock";0;0;0;0;en;1000516787526610944;1695415867561877828;Balkofwalk;https://twitter.com/Balkofwalk/status/1695440718628553094
Sat Aug 26 14:01:31 +0000 2023;1695436312508272662;"Just some basics regarding sunblock https://t.co/f7dSKYyOzK";0;1;0;4;en;968749588235587585;1695436006093369544;ImhereButAmI;https://twitter.com/ImhereButAmI/status/1695436312508272662
Sat Aug 26 13:40:19 +0000 2023;1695430977374552088;"Peterson's Lab - Ultimate UV Defense Sunscreen SPF 50 PA++++ (Sunblock Pelindung Sinar Matahari  Non-Comedogenic Sweat &amp  Water Resistant ) 40g Dapatkan di Shopee sekarang! https://t.co/j8diPWskdn https://t.co/FfIH1Uz93X";0;0;0;0;en;212492365;1695430977374552088;wienda89;https://twitter.com/wienda89/status/1695430977374552088
Sat Aug 26 12:44:09 +0000 2023;1695416842012283014;"Depends on your skin. But must religiously clean, hydrate and put on sunblock + other things.";0;0;0;0;en;1440357908;1695416842012283014;MiszCJSap;https://twitter.com/MiszCJSap/status/1695416842012283014
Sat Aug 26 11:42:46 +0000 2023;1695401394684166596;"@avenrged sunblock nya vaselinee";0;2;0;0;en;1661789351356030976;1695392864367522268;crimsonvirg0;https://twitter.com/crimsonvirg0/status/1695401394684166596
Sat Aug 26 11:00:13 +0000 2023;1695390689021055175;"You dont need sunscreen &amp  sunblock";2;1;0;0;en;767678259521650688;1695390689021055175;NabilahSalimi;https://twitter.com/NabilahSalimi/status/1695390689021055175
Sat Aug 26 10:38:51 +0000 2023;1695385312514695625;"Hey come check out this great beauty product! Product Name:  SKINTIFIC All Day Light Sunscreen Mist SPF50 PA++++ Whitening Sunblock Spray Anti UV Face/Body Spray 50ml Product Price:  RM41 Discount Price:  RM25 https://t.co/iU5QpqfmAL https://t.co/Tlo58LyDOL";0;1;0;0;en;198849637;1695385312514695625;malaysiandaily;https://twitter.com/malaysiandaily/status/1695385312514695625
Sat Aug 26 10:28:21 +0000 2023;1695382666894614883;"please recommend best sunblock for body and face i dont use any proper sunblock other than expired generic brand and random lotion with 15 spf üíî";0;6;0;2;en;531162684;1695382666894614883;AOM1NE;https://twitter.com/AOM1NE/status/1695382666894614883
Sat Aug 26 10:23:00 +0000 2023;1695381321156100455;"The day is nearly upon us! The annual bet on whether I‚Äôll sweat sunblock into my eye and be the only person in the pleasure gardens to need medical assistance again ü•¥  (Thanks again Val @stjohnambulance)";0;1;3;7;en;777051017254989824;1695381321156100455;Ak1fK;https://twitter.com/Ak1fK/status/1695381321156100455
Sat Aug 26 09:56:01 +0000 2023;1695374529474756756;"SKIN TREAT : WEEKEND GLOW   Today's treat is very simple, all we need is beta serum, (3500, you can get it in most states in the country)  and mbmb sun ban sunblock sunstick (12000 very worth it)   Pregnancy Cardi Kemi Adeosun #Phyna #TheChi Bumbum #BBNaijaAllStars https://t.co/VQHjLdCbZM";0;1;1;3;en;1019611190316724224;1695374529474756756;MBMBSkin;https://twitter.com/MBMBSkin/status/1695374529474756756
Sat Aug 26 09:32:56 +0000 2023;1695368720288276948;"@volodinatasha üòÅü§£ it‚Äôs good to relax on the beach and just let your imagination roam  Let those sensations roam over you   And most importantly   Sunblock on those sensitive areas ü´¢üòÅüòé";0;0;0;1;en;1667876811861098500;1695356577811681418;Hope1011245683;https://twitter.com/Hope1011245683/status/1695368720288276948
Sat Aug 26 09:25:53 +0000 2023;1695366947754615103;"Are you searching for a product that has both sunblock &amp  foundation in it? And that is also safe and suits your skin?  Well, we have tinted sunblock for you. 2 in 1 formula!  Shop now: https://t.co/VncjI8NuBl  #sunblock #tintedsunblock #spf60 #maxblock #spfsunblock https://t.co/AM9890i3r3";0;0;0;0;en;1601512037196210176;1695366947754615103;QhcPk;https://twitter.com/QhcPk/status/1695366947754615103
Sat Aug 26 09:24:57 +0000 2023;1695366713166925908;"@__Shezi yeah when clicks has 3 for 2 on sunblock, you must have a group of a friends ready";0;1;0;2;en;1474283268652552197;1695365905402761426;AmandaBRinquest;https://twitter.com/AmandaBRinquest/status/1695366713166925908
Sat Aug 26 08:54:58 +0000 2023;1695359165986918523;"FACETOLOGY Triple Care Hybrid Sunscreen SPF 40 PA +++ Sunblock Untuk All Skin Type. Lagi flash sale guys https://t.co/tyFd8DxkKo";0;1;0;0;en;1641730380;1695359165986918523;kikirisqiyani;https://twitter.com/kikirisqiyani/status/1695359165986918523
Sat Aug 26 08:11:00 +0000 2023;1695348101916307711;"2 takeaways from the recent ascent to Mt.Rinjani:  1) Sunblock. Otherwise you press interviews may look as follows :) I'm almost 58 but still keep forgetting about it. 2) Choose the right shoes. Otherwise you may have a very unpleasant experience. H/t @vkamluk :) https://t.co/FJrcNQokKZ";1;1;1;19;en;297856522;1695348101916307711;e_kaspersky;https://twitter.com/e_kaspersky/status/1695348101916307711
Sat Aug 26 07:51:19 +0000 2023;1695343147650580811;"@understimateme Wes siap2 sunblock se liter";0;0;0;0;en;4109656875;1695341620957446376;wolfietenten;https://twitter.com/wolfietenten/status/1695343147650580811
Sat Aug 26 07:37:17 +0000 2023;1695339619020357700;"[KSECRET] Calamine Secret Sunblock, 50ml/1.69fl.oz. https://t.co/56T5uNMMAN ‚ô•  #ShopeeAkinSale #ShopeePHPaydaySale #FreeShippingArawAraw #ShopeePH @ShopeePH https://t.co/1PgWfGCPU2";0;0;0;0;en;107158928;1695339619020357700;graydefrus;https://twitter.com/graydefrus/status/1695339619020357700
Sat Aug 26 05:09:43 +0000 2023;1695302482589872624;"@Queuery_ kudu extra sunscreen dan sunblock++";0;0;0;0;en;1098812087726268416;1695301410492231774;amoursouleil;https://twitter.com/amoursouleil/status/1695302482589872624
Sat Aug 26 04:41:30 +0000 2023;1695295380244828366;"@badutssi Ada sunblock";0;1;0;0;en;1091375785745702912;1695291080642855328;krystalisation_;https://twitter.com/krystalisation_/status/1695295380244828366
Sat Aug 26 04:21:49 +0000 2023;1695290428961042641;"ÂêåÂüéThe sunblock was handed to the girl before practice, but the burned skin was proof she did not apply it.Á∫¶";0;0;0;0;en;1682098589265285120;1695290428961042641;SamuelLowe47548;https://twitter.com/SamuelLowe47548/status/1695290428961042641
Sat Aug 26 04:17:40 +0000 2023;1695289384344367464;"#wwdits folks, important question! What clever name would you give to a sunblock that lets vampires walk around in the sunlight? I need ideas! #whatwedointheshadows #lazslocravensworth #guillermodelacruz #Vampire https://t.co/DEDuhMjpLh";0;3;0;14;en;1511736045506899974;1695289384344367464;divinedelphiFX;https://twitter.com/divinedelphiFX/status/1695289384344367464
Sat Aug 26 03:36:12 +0000 2023;1695278945749319932;"@AngelicaSS4U You look hot laying on your belly in that sexy orange thong bikini.  Would love to be there caressing sunblock on your body.";0;0;0;0;en;98221154;1695119279774154753;NICKWELLS1985;https://twitter.com/NICKWELLS1985/status/1695278945749319932
Sat Aug 26 03:25:37 +0000 2023;1695276284073639994;"@SofiaAjram Sunblock and a book!";0;0;0;0;en;41062497;1695275019096514605;sshabein;https://twitter.com/sshabein/status/1695276284073639994
Sat Aug 26 02:32:27 +0000 2023;1695262903908155403;"Which countries sunscreen is the most oily one? #suncarelab #sunscreen #sunblock #suncare #uvcamera #oiltest https://t.co/OG277GHzgU";0;0;0;0;en;1681543026768850944;1695262903908155403;suncare_lab;https://twitter.com/suncare_lab/status/1695262903908155403
Sat Aug 26 02:22:20 +0000 2023;1695260358124949854;"@ginnychase122 @ElleBeeG dylan mulvaney looks like a weird exaggerated doll person like every fashion influencer does. catelyn jenner looks like an old lady with too much plastic surgery that should've used more sunblock 20 years ago. goofy ass looking people but being trans is not the weirdest part.";0;1;0;0;en;177052107;1695230067817783720;a_man_in_black;https://twitter.com/a_man_in_black/status/1695260358124949854
Sat Aug 26 02:18:23 +0000 2023;1695259363676651707;"It‚Äôs so funny bc daylight kills vampires but then it‚Äôs also so fucking insane bc if Guillermo‚Äôs sweat can protect vamps from sunlight likeeee you can make an insanely layered metaphor here about bodyguard/heart guard/sunblock Guillermo being the love Nandor‚Äôs always needed‚Äî";0;1;2;14;en;185119460;1695257585384059203;somanypetals;https://twitter.com/somanypetals/status/1695259363676651707
Sat Aug 26 01:35:45 +0000 2023;1695248636404547995;"@JenNan31257027 @BlueGreen625 @smc429 @ksorbs Ever heard of Sunblock and moisturizer?    #GQPLoser #SorboWho";0;0;0;0;en;1176612836455407616;1695072598747496886;InfamousResists;https://twitter.com/InfamousResists/status/1695248636404547995
Sat Aug 26 01:29:08 +0000 2023;1695246968228860391;"@Soenami Sunblock ass";0;0;0;3;en;1241460738578923523;1695165846207766593;bonairerebel;https://twitter.com/bonairerebel/status/1695246968228860391
